timestamp_epoch;elapsed_s;source;technology;band;device;rssi_dbm;adc_code;voltage_v;power_detector_dbm;power_antenna_dbm;power_w;duration_s;energy_j;cumulative_energy_j;packet_length_bytes;pdu_type;channel;alert_level;simulated
1784900411.0877552;0.030640634000064892;Simulation RF;Détection RF large bande;868 MHz;868 MHz;;2634;2.122880002632239;-40.91520010528957;-73.91520010528957;4.059569579698962e-11;0.1;4.059569579698962e-12;4.059569579698962e-12;;;;VERT;True
1784900411.0880206;0.030640634000064892;Simulation RF;Détection RF large bande;2,45 GHz;2,45 GHz;;2892;2.3305296398000928;-49.22118559200371;-65.92118559200371;2.557887507101365e-10;0.1;2.557887507101365e-11;2.557887507101365e-11;;;;ORANGE;True
1784900411.1877558;0.13072664100002385;Simulation RF;Détection RF large bande;868 MHz;868 MHz;;2535;2.0425736040827336;-37.70294416330934;-70.70294416330934;8.50561231384658e-11;0.1;8.50561231384658e-12;1.2565181893545543e-11;;;;VERT;True
1784900411.1878996;0.13072664100002385;Simulation RF;Détection RF large bande;2,45 GHz;2,45 GHz;;2952;2.37864076674391;-51.1456306697564;-67.8456306697564;1.642241160895307e-10;0.1;1.642241160895307e-11;4.200128667996672e-11;;;;ORANGE;True
1784900411.287787;0.2307999079999945;Simulation RF;Détection RF large bande;868 MHz;868 MHz;;2563;2.0654560703338123;-38.61824281335248;-71.61824281335248;6.889309863827295e-11;0.1;6.8893098638272955e-12;1.945449175737284e-11;;;;VERT;True
1784900411.2879298;0.2307999079999945;Simulation RF;Détection RF large bande;2,45 GHz;2,45 GHz;;2840;2.288766723757898;-47.55066895031591;-64.25066895031591;3.7577951794662644e-10;0.1;3.7577951794662644e-11;7.957923847462937e-11;;;;ORANGE;True
1784900411.3880112;0.33088078600007975;Simulation RF;Détection RF large bande;868 MHz;868 MHz;;2558;2.061572913911746;-38.462916556469835;-71.46291655646984;7.140166586142898e-11;0.1;7.140166586142899e-12;2.659465834351574e-11;;;;VERT;True
1784900411.3883379;0.33088078600007975;Simulation RF;Détection RF large bande;2,45 GHz;2,45 GHz;;2884;2.323893258437504;-48.95573033750016;-65.65573033750016;2.7191111844440597e-10;0.1;2.71911118444406e-11;1.0677035031906997e-10;;;;ORANGE;True
1784900411.488288;0.43100833000005423;Simulation RF;Détection RF large bande;868 MHz;868 MHz;;2542;2.0483662243572733;-37.93464897429094;-70.93464897429094;8.063713750229434e-11;0.1;8.063713750229433e-12;3.465837209374517e-11;;;;VERT;True
1784900411.4886644;0.43100833000005423;Simulation RF;Détection RF large bande;2,45 GHz;2,45 GHz;;2880;2.320987886551039;-48.83951546204155;-65.53951546204155;2.792855419908616e-10;0.1;2.7928554199086162e-11;1.3469890451815614e-10;;;;ORANGE;True
1784900411.5882857;0.5311553170000707;Simulation RF;Détection RF large bande;868 MHz;868 MHz;;2531;2.039761876480668;-37.59047505922672;-70.59047505922672;8.728758823897092e-11;0.1;8.728758823897092e-12;4.338713091764226e-11;;;;VERT;True
1784900411.5885792;0.5311553170000707;Simulation RF;Détection RF large bande;2,45 GHz;2,45 GHz;;2877;2.3183483975914725;-48.73393590365889;-65.43393590365889;2.8615834120006435e-10;0.1;2.8615834120006435e-11;1.633147386381626e-10;;;;ORANGE;True
1784900411.6884322;0.6313347110000223;Simulation RF;Détection RF large bande;868 MHz;868 MHz;;2514;2.0261849760946697;-37.04739904378678;-70.04739904378678;9.891453088124235e-11;0.1;9.891453088124235e-12;5.32785840057665e-11;;;;VERT;True
1784900411.6886969;0.6313347110000223;Simulation RF;Détection RF large bande;2,45 GHz;2,45 GHz;;2922;2.354975283315159;-50.19901133260635;-66.89901133260635;2.0422027973443876e-10;0.1;2.0422027973443877e-11;1.8373676661160647e-10;;;;ORANGE;True
1784900411.78869;0.7315121980000185;Simulation RF;Détection RF large bande;868 MHz;868 MHz;;2501;2.0155385549848854;-36.62154219939542;-69.62154219939542;1.0910528298436246e-10;0.1;1.0910528298436246e-11;6.418911230420274e-11;;;;ORANGE;True
1784900411.7890055;0.7315121980000185;Simulation RF;Détection RF large bande;2,45 GHz;2,45 GHz;;2886;2.32570716324998;-49.02828652999921;-65.72828652999921;2.6740612274843765e-10;0.1;2.6740612274843768e-11;2.1047737888645023e-10;;;;ORANGE;True
1784900411.8892617;0.8317907560000322;Simulation RF;Détection RF large bande;868 MHz;868 MHz;;2525;2.034755884023818;-37.390235360952715;-70.39023536095272;9.140637034856198e-11;0.1;9.140637034856198e-12;7.332974933905894e-11;;;;VERT;True
1784900411.8899174;0.8317907560000322;Simulation RF;Détection RF large bande;2,45 GHz;2,45 GHz;;2906;2.3421524323323477;-49.6860972932939;-66.3860972932939;2.2982129668437112e-10;0.1;2.2982129668437114e-11;2.334595085548873e-10;;;;ORANGE;True
1784900411.9889562;0.9318833370000448;Simulation RF;Détection RF large bande;868 MHz;868 MHz;;2541;2.0479138429991823;-37.9165537199673;-70.9165537199673;8.09738200148402e-11;0.1;8.097382001484021e-12;8.142713134054296e-11;;;;VERT;True
1784900411.9891117;0.9318833370000448;Simulation RF;Détection RF large bande;2,45 GHz;2,45 GHz;;2998;2.416179021675418;-52.64716086701671;-69.34716086701671;1.1622081411397726e-10;0.1;1.1622081411397727e-11;2.4508158996628504e-10;;;;ORANGE;True
1784900412.0889978;1.0319618800000399;Simulation RF;Détection RF large bande;868 MHz;868 MHz;;2548;2.053118616594038;-38.12474466376152;-71.12474466376152;7.718368931211995e-11;0.1;7.718368931211995e-12;8.914550027175495e-11;;;;VERT;True
1784900412.0891488;1.0319618800000399;Simulation RF;Détection RF large bande;2,45 GHz;2,45 GHz;;2873;2.3151590417696073;-48.60636167078428;-65.30636167078428;2.946889374997612e-10;0.1;2.946889374997612e-11;2.7455048371626117e-10;;;;ORANGE;True
1784900412.1892447;1.1320917499999723;Simulation RF;Détection RF large bande;868 MHz;868 MHz;;2517;2.0281521030888205;-37.126084123552815;-70.12608412355281;9.713854356514668e-11;0.1;9.71385435651467e-12;9.885935462826961e-11;;;;VERT;True
1784900412.1895068;1.1320917499999723;Simulation RF;Détection RF large bande;2,45 GHz;2,45 GHz;;2842;2.29009173193515;-47.603669277406;-64.303669277406;3.712214581097471e-10;0.1;3.712214581097471e-11;3.116726295272359e-10;;;;ORANGE;True
1784900412.289198;1.2321772330000158;Simulation RF;Détection RF large bande;868 MHz;868 MHz;;2503;2.0174692611785665;-36.698770447142664;-69.69877044714266;1.0718227113817083e-10;0.1;1.0718227113817083e-11;1.095775817420867e-10;;;;ORANGE;True
1784900412.2893429;1.2321772330000158;Simulation RF;Détection RF large bande;2,45 GHz;2,45 GHz;;2857;2.302438273325813;-48.097530933032516;-64.79753093303252;3.313194308902112e-10;0.1;3.313194308902112e-11;3.44804572616257e-10;;;;ORANGE;True
1784900412.3892868;1.3322563819999687;Simulation RF;Détection RF large bande;868 MHz;868 MHz;;2539;2.0464529814379153;-37.858119257516606;-70.8581192575166;8.207068802110177e-11;0.1;8.207068802110178e-12;1.1778465054419687e-10;;;;VERT;True
1784900412.3894327;1.3322563819999687;Simulation RF;Détection RF large bande;2,45 GHz;2,45 GHz;;2899;2.3360624504828182;-49.44249801931272;-66.14249801931273;2.4308054314183776e-10;0.1;2.4308054314183778e-11;3.691126269304408e-10;;;;ORANGE;True
1784900412.4893465;1.4323374940000804;Simulation RF;Détection RF large bande;868 MHz;868 MHz;;2534;2.042265724890162;-37.690628995606474;-70.69062899560647;8.529765671180114e-11;0.1;8.529765671180114e-12;1.26314416215377e-10;;;;VERT;True
1784900412.4894817;1.4323374940000804;Simulation RF;Détection RF large bande;2,45 GHz;2,45 GHz;;2904;2.3402771892636447;-49.61108757054578;-66.31108757054578;2.3382516148185706e-10;0.1;2.3382516148185706e-11;3.924951430786265e-10;;;;ORANGE;True
1784900412.5894275;1.5324102179999954;Simulation RF;Détection RF large bande;868 MHz;868 MHz;;2480;1.9984432282796154;-35.93772913118461;-68.93772913118461;1.2771064164290082e-10;0.1;1.2771064164290082e-11;1.3908548037966707e-10;;;;ORANGE;True
1784900412.589585;1.5324102179999954;Simulation RF;Détection RF large bande;2,45 GHz;2,45 GHz;;2856;2.3015259263103385;-48.06103705241354;-64.76103705241354;3.34115247072046e-10;0.1;3.34115247072046e-11;4.259066677858311e-10;;;;ORANGE;True
1784900412.6895084;1.6324915149999697;Simulation RF;Détection RF large bande;868 MHz;868 MHz;;2468;1.9885439667405156;-35.54175866962062;-68.54175866962062;1.3990206763215685e-10;0.1;1.3990206763215685e-11;1.5307568714288276e-10;;;;ORANGE;True
1784900412.6896727;1.6324915149999697;Simulation RF;Détection RF large bande;2,45 GHz;2,45 GHz;;2834;2.2838315866572496;-47.353263466289974;-64.05326346628998;3.932544569233768e-10;0.1;3.932544569233768e-11;4.652321134781688e-10;;;;ORANGE;True
1784900412.7895966;1.7325711270000284;Simulation RF;Détection RF large bande;868 MHz;868 MHz;;2556;2.059403844198989;-38.37615376795955;-71.37615376795955;7.284246319555907e-11;0.1;7.284246319555907e-12;1.6035993346243867e-10;;;;VERT;True
1784900412.7897346;1.7325711270000284;Simulation RF;Détection RF large bande;2,45 GHz;2,45 GHz;;2823;2.275078127896902;-47.003125115876074;-63.70312511587607;4.2627266919738186e-10;0.1;4.262726691973819e-11;5.07859380397907e-10;;;;ORANGE;True
1784900412.8896549;1.8326432769999883;Simulation RF;Détection RF large bande;868 MHz;868 MHz;;2502;2.0163997045400808;-36.65598818160322;-69.65598818160322;1.0824333932164222e-10;0.1;1.0824333932164222e-11;1.7118426739460288e-10;;;;ORANGE;True
1784900412.889782;1.8326432769999883;Simulation RF;Détection RF large bande;2,45 GHz;2,45 GHz;;2905;2.340645356189684;-49.62581424758736;-66.32581424758736;2.3303361655707005e-10;0.1;2.3303361655707007e-11;5.311627420536141e-10;;;;ORANGE;True
1784900412.9897316;1.932722592999994;Simulation RF;Détection RF large bande;868 MHz;868 MHz;;2615;2.10693908993871;-40.277563597548394;-73.2775635975484;4.701577942835048e-11;0.1;4.701577942835048e-12;1.7588584533743794e-10;;;;VERT;True
1784900412.9898775;1.932722592999994;Simulation RF;Détection RF large bande;2,45 GHz;2,45 GHz;;2796;2.2533909647783688;-46.13563859113475;-62.83563859113475;5.205184655962441e-10;0.1;5.2051846559624407e-11;5.832145886132385e-10;;;;ORANGE;True
1784900413.0897706;2.032790371000033;Simulation RF;Détection RF large bande;868 MHz;868 MHz;;2529;2.0379411801639056;-37.51764720655622;-70.51764720655622;8.876367596492192e-11;0.1;8.876367596492193e-12;1.8476221293393013e-10;;;;VERT;True
1784900413.08989;2.032790371000033;Simulation RF;Détection RF large bande;2,45 GHz;2,45 GHz;;2873;2.3149123087521626;-48.59649235008649;-65.2964923500865;2.9535937815592276e-10;0.1;2.953593781559228e-11;6.127505264288308e-10;;;;ORANGE;True
1784900413.18988;2.1328715880000573;Simulation RF;Détection RF large bande;868 MHz;868 MHz;;2484;2.0014018240156815;-36.05607296062726;-69.05607296062726;1.2427755598781363e-10;0.1;1.2427755598781364e-11;1.971899685327115e-10;;;;ORANGE;True
1784900413.1900187;2.1328715880000573;Simulation RF;Détection RF large bande;2,45 GHz;2,45 GHz;;2781;2.240915887890878;-45.63663551563512;-62.336635515635116;5.838972749955394e-10;0.1;5.838972749955395e-11;6.711402539283847e-10;;;;ORANGE;True
1784900413.2899518;2.232949082999994;Simulation RF;Détection RF large bande;868 MHz;868 MHz;;2444;1.9693234600188245;-34.77293840075298;-67.77293840075298;1.669960350548966e-10;0.1;1.669960350548966e-11;2.1388957203820117e-10;;;;ORANGE;True
1784900413.2900825;2.232949082999994;Simulation RF;Détection RF large bande;2,45 GHz;2,45 GHz;;2841;2.289463037579055;-47.57852150316219;-64.2785215031622;3.7337724739654803e-10;0.1;3.7337724739654805e-11;7.084779786680396e-10;;;;ORANGE;True
1784900413.3900304;2.333026337999968;Simulation RF;Détection RF large bande;868 MHz;868 MHz;;2444;1.9695575303720023;-34.78230121488009;-67.78230121488009;1.6663640151007497e-10;0.1;1.6663640151007496e-11;2.3055321218920866e-10;;;;ORANGE;True
1784900413.3901608;2.333026337999968;Simulation RF;Détection RF large bande;2,45 GHz;2,45 GHz;;2857;2.302703904120803;-48.10815616483211;-64.80815616483211;3.3050983209074004e-10;0.1;3.305098320907401e-11;7.415289618771136e-10;;;;ORANGE;True
1784900413.4901075;2.433099332999973;Simulation RF;Détection RF large bande;868 MHz;868 MHz;;2531;2.039667109293078;-37.58668437172311;-70.58668437172311;8.736380942714805e-11;0.1;8.736380942714806e-12;2.3928959313192344e-10;;;;VERT;True
1784900413.4902394;2.433099332999973;Simulation RF;Détection RF large bande;2,45 GHz;2,45 GHz;;2837;2.2862378522486115;-47.44951408994446;-64.14951408994446;3.8463481447535505e-10;0.1;3.8463481447535506e-11;7.799924433246491e-10;;;;ORANGE;True
1784900413.5905101;2.5331824020000795;Simulation RF;Détection RF large bande;868 MHz;868 MHz;;2488;2.005307721644509;-36.21230886578037;-69.21230886578037;1.1988617756278373e-10;0.1;1.1988617756278373e-11;2.512782108882018e-10;;;;ORANGE;True
1784900413.5906353;2.5331824020000795;Simulation RF;Détection RF large bande;2,45 GHz;2,45 GHz;;2879;2.320335888694492;-48.81343554777966;-65.51343554777966;2.8096773161571936e-10;0.1;2.809677316157194e-11;8.08089216486221e-10;;;;ORANGE;True
1784900413.6903238;2.6332668969999986;Simulation RF;Détection RF large bande;868 MHz;868 MHz;;2500;2.0145569603555376;-36.582278414221506;-69.5822784142215;1.1009615668560171e-10;0.1;1.1009615668560172e-11;2.62287826556762e-10;;;;ORANGE;True
1784900413.6904798;2.6332668969999986;Simulation RF;Détection RF large bande;2,45 GHz;2,45 GHz;;2834;2.283534565949244;-47.341382637969744;-64.04138263796975;3.943317409966431e-10;0.1;3.9433174099664313e-11;8.475223905858853e-10;;;;ORANGE;True
1784900413.7904177;2.7333536880000793;Simulation RF;Détection RF large bande;868 MHz;868 MHz;;2439;1.965713633292821;-34.62854533171283;-67.62854533171283;1.7264160577858024e-10;0.1;1.7264160577858024e-11;2.7955198713462e-10;;;;ORANGE;True
1784900413.7905686;2.7333536880000793;Simulation RF;Détection RF large bande;2,45 GHz;2,45 GHz;;2857;2.3026991855017314;-48.107967420069244;-64.80796742006925;3.3052419638917424e-10;0.1;3.3052419638917425e-11;8.805748102248027e-10;;;;ORANGE;True
1784900413.890495;2.8334449610000547;Simulation RF;Détection RF large bande;868 MHz;868 MHz;;2432;1.9598817839197098;-34.395271356788385;-67.39527135678838;1.8216832467414345e-10;0.1;1.8216832467414347e-11;2.977688196020343e-10;;;;ORANGE;True
1784900413.8906496;2.8334449610000547;Simulation RF;Détection RF large bande;2,45 GHz;2,45 GHz;;2833;2.2828030769172707;-47.312123076690824;-64.01212307669083;3.9699742726189595e-10;0.1;3.96997427261896e-11;9.202745529509922e-10;;;;ORANGE;True
1784900413.9906092;2.93353378900008;Simulation RF;Détection RF large bande;868 MHz;868 MHz;;2459;1.981747649248989;-35.26990596995955;-68.26990596995955;1.4893933245398053e-10;0.1;1.4893933245398055e-11;3.126627528474324e-10;;;;ORANGE;True
1784900413.990767;2.93353378900008;Simulation RF;Détection RF large bande;2,45 GHz;2,45 GHz;;2819;2.271478367760037;-46.85913471040149;-63.559134710401494;4.4064264853153517e-10;0.1;4.406426485315352e-11;9.643388178041458e-10;;;;ORANGE;True
1784900414.0906563;3.0336181149999675;Simulation RF;Détection RF large bande;868 MHz;868 MHz;;2473;1.9932271517989293;-35.72908607195717;-68.72908607195717;1.3399586382636416e-10;0.1;1.3399586382636416e-11;3.260623392300688e-10;;;;ORANGE;True
1784900414.0908089;3.0336181149999675;Simulation RF;Détection RF large bande;2,45 GHz;2,45 GHz;;2836;2.2855714330951606;-47.422857323806426;-64.12285732380643;3.870029429598711e-10;0.1;3.870029429598711e-11;1.0030391121001328e-09;;;;ORANGE;True
1784900414.1907778;3.133707252000022;Simulation RF;Détection RF large bande;868 MHz;868 MHz;;2466;1.9868818030309854;-35.47527212123941;-68.47527212123941;1.4206031975882198e-10;0.1;1.4206031975882198e-11;3.40268371205951e-10;;;;ORANGE;True
1784900414.1909282;3.133707252000022;Simulation RF;Détection RF large bande;2,45 GHz;2,45 GHz;;2806;2.2612769194905438;-46.451076779621744;-63.15107677962174;4.840523378956927e-10;0.1;4.840523378956928e-11;1.051444345889702e-09;;;;ORANGE;True
1784900414.290869;3.2338071660000196;Simulation RF;Détection RF large bande;868 MHz;868 MHz;;2519;2.0300987665482135;-37.20395066192853;-70.20395066192853;9.541242495592411e-11;0.1;9.541242495592412e-12;3.498096137015434e-10;;;;VERT;True
1784900414.2910416;3.2338071660000196;Simulation RF;Détection RF large bande;2,45 GHz;2,45 GHz;;2873;2.31537736689921;-48.61509467596839;-65.3150946759684;2.940969580066474e-10;0.1;2.940969580066474e-11;1.0808540416903668e-09;;;;ORANGE;True
1784900414.3909342;3.3338933769999812;Simulation RF;Détection RF large bande;868 MHz;868 MHz;;2428;1.95652079580173;-34.2608318320692;-67.2608318320692;1.8789568936730025e-10;0.1;1.8789568936730025e-11;3.6859918263827345e-10;;;;ORANGE;True
1784900414.391092;3.3338933769999812;Simulation RF;Détection RF large bande;2,45 GHz;2,45 GHz;;2836;2.2856384509262235;-47.42553803704894;-64.12553803704894;3.8676413638083486e-10;0.1;3.8676413638083486e-11;1.1195304553284503e-09;;;;ORANGE;True
1784900414.526069;3.4340808819999893;Simulation RF;Détection RF large bande;868 MHz;868 MHz;;2386;1.9227388961163916;-32.90955584465566;-65.90955584465566;2.564746321115921e-10;0.1;2.5647463211159215e-11;3.9424664584943265e-10;;;;ORANGE;True
1784900414.5266223;3.4340808819999893;Simulation RF;Détection RF large bande;2,45 GHz;2,45 GHz;;2814;2.2678472623522157;-46.71389049408863;-63.41389049408863;4.5562857217731514e-10;0.1;4.556285721773152e-11;1.1650933125461819e-09;;;;ORANGE;True
1784900414.5912528;3.5341803520000212;Simulation RF;Détection RF large bande;868 MHz;868 MHz;;2431;1.9594071824829742;-34.37628729931896;-67.37628729931896;1.8296636923429897e-10;0.1;1.82966369234299e-11;4.1254328277286253e-10;;;;ORANGE;True
1784900414.5914063;3.5341803520000212;Simulation RF;Détection RF large bande;2,45 GHz;2,45 GHz;;2873;2.314975827407692;-48.59903309630768;-65.29903309630768;2.9518663505518954e-10;0.1;2.9518663505518955e-11;1.1946119760517009e-09;;;;ORANGE;True
1784900414.691342;3.634271267000031;Simulation RF;Détection RF large bande;868 MHz;868 MHz;;2394;1.929127423518391;-33.16509694073564;-66.16509694073564;2.4181893598852e-10;0.1;2.4181893598851998e-11;4.3672517637171455e-10;;;;ORANGE;True
1784900414.691494;3.634271267000031;Simulation RF;Détection RF large bande;2,45 GHz;2,45 GHz;;2882;2.3223893954670074;-48.8955758186803;-65.5955758186803;2.75703588057935e-10;0.1;2.7570358805793504e-11;1.2221823348574943e-09;;;;ORANGE;True
1784900414.7914312;3.7343601080000326;Simulation RF;Détection RF large bande;868 MHz;868 MHz;;2477;1.996152280180262;-35.84609120721048;-68.84609120721048;1.30434019927732e-10;0.1;1.3043401992773201e-11;4.4976857836448776e-10;;;;ORANGE;True
1784900414.7915857;3.7343601080000326;Simulation RF;Détection RF large bande;2,45 GHz;2,45 GHz;;2793;2.2511236138070543;-46.04494455228216;-62.744944552282156;5.315027853235457e-10;0.1;5.315027853235457e-11;1.2753326133898488e-09;;;;ORANGE;True
1784900414.8915658;3.8344575219999797;Simulation RF;Détection RF large bande;868 MHz;868 MHz;;2476;1.995292470291722;-35.811698811668876;-68.81169881166888;1.3147104617713655e-10;0.1;1.3147104617713656e-11;4.629156829822014e-10;;;;ORANGE;True
1784900414.891759;3.8344575219999797;Simulation RF;Détection RF large bande;2,45 GHz;2,45 GHz;;2824;2.2756746295907684;-47.02698518363073;-63.726985183630724;4.2393715564082264e-10;0.1;4.239371556408227e-11;1.317726328953931e-09;;;;ORANGE;True
1784900414.99164;3.934547197000029;Simulation RF;Détection RF large bande;868 MHz;868 MHz;;2494;2.009759451768155;-36.3903780707262;-69.3903780707262;1.1507002115257646e-10;0.1;1.1507002115257647e-11;4.74422685097459e-10;;;;ORANGE;True
1784900414.9917982;3.934547197000029;Simulation RF;Détection RF large bande;2,45 GHz;2,45 GHz;;2776;2.236956981348526;-45.47827925394104;-62.17827925394104;6.055807682713895e-10;0.1;6.055807682713895e-11;1.37828440578107e-09;;;;ORANGE;True
1784900415.0916445;4.0346273870000005;Simulation RF;Détection RF large bande;868 MHz;868 MHz;;2444;1.9695530236581522;-34.78212094632609;-67.78212094632609;1.666433184587921e-10;0.1;1.666433184587921e-11;4.910870169433383e-10;;;;ORANGE;True
1784900415.0917883;4.0346273870000005;Simulation RF;Détection RF large bande;2,45 GHz;2,45 GHz;;2856;2.3012281477372585;-48.04912590949033;-64.74912590949033;3.3503286335732205e-10;0.1;3.3503286335732207e-11;1.4117876921168023e-09;;;;ORANGE;True
1784900415.2941573;4.134785183000076;Simulation RF;Détection RF large bande;868 MHz;868 MHz;;2395;1.9299733276363136;-33.19893310545254;-66.19893310545254;2.39942229241818e-10;0.1;2.3994222924181802e-11;5.150812398675201e-10;;;;ORANGE;True
1784900415.2952075;4.134785183000076;Simulation RF;Détection RF large bande;2,45 GHz;2,45 GHz;;2760;2.224099426651955;-44.963977066078186;-61.66397706607818;6.817141262450278e-10;0.1;6.817141262450279e-11;1.479959104741305e-09;;;;ORANGE;True
1784900415.2957394;4.238702425000042;Simulation RF;Détection RF large bande;868 MHz;868 MHz;;2392;1.9275133130245163;-33.10053252098065;-66.10053252098065;2.4544079438986177e-10;0.1;2.454407943898618e-11;5.396253193065062e-10;;;;ORANGE;True
1784900415.295882;4.238702425000042;Simulation RF;Détection RF large bande;2,45 GHz;2,45 GHz;;2813;2.266948849842739;-46.67795399370955;-63.37795399370955;4.5941439674364566e-10;0.1;4.594143967436457e-11;1.5259005444156696e-09;;;;ORANGE;True
1784900415.4315677;4.338869517000035;Simulation RF;Détection RF large bande;868 MHz;868 MHz;;2373;1.9121771720245366;-32.487086880981465;-65.48708688098147;2.8267754565522845e-10;0.1;2.8267754565522846e-11;5.678930738720291e-10;;;;ORANGE;True
1784900415.434439;4.338869517000035;Simulation RF;Détection RF large bande;2,45 GHz;2,45 GHz;;2829;2.2794356556949316;-47.177426227797255;-63.87742622779726;4.095032729655818e-10;0.1;4.095032729655818e-11;1.5668508717122279e-09;;;;ORANGE;True
1784900415.4960158;4.438951073999988;Simulation RF;Détection RF large bande;868 MHz;868 MHz;;2386;1.9224868438175549;-32.89947375270219;-65.89947375270219;2.570707263998255e-10;0.1;2.570707263998255e-11;5.936001465120116e-10;;;;ORANGE;True
1784900415.4961715;4.438951073999988;Simulation RF;Détection RF large bande;2,45 GHz;2,45 GHz;;2797;2.2541644750298633;-46.166579001194535;-62.86657900119454;5.168233179785766e-10;0.1;5.1682331797857665e-11;1.6185332035100855e-09;;;;ORANGE;True
1784900415.624091;4.539133852000077;Simulation RF;Détection RF large bande;868 MHz;868 MHz;;2470;1.9905579665247317;-35.622318660989265;-68.62231866098927;1.3733085815809202e-10;0.1;1.3733085815809203e-11;6.073332323278208e-10;;;;ORANGE;True
1784900415.6244206;4.539133852000077;Simulation RF;Détection RF large bande;2,45 GHz;2,45 GHz;;2794;2.251884102803371;-46.07536411213485;-62.77536411213485;5.277929548088313e-10;0.1;5.277929548088314e-11;1.6713124989909686e-09;;;;ORANGE;True
1784900415.6962812;4.639219315999981;Simulation RF;Détection RF large bande;868 MHz;868 MHz;;2438;1.964816099098318;-34.592643963932716;-67.59264396393272;1.7407467924574147e-10;0.1;1.7407467924574147e-11;6.247407002523949e-10;;;;ORANGE;True
1784900415.6964345;4.639219315999981;Simulation RF;Détection RF large bande;2,45 GHz;2,45 GHz;;2728;2.1986806285655187;-43.94722514262074;-60.64722514262074;8.615440465998611e-10;0.1;8.615440465998611e-11;1.7574669036509548e-09;;;;ORANGE;True
1784900415.8285284;4.739354817000049;Simulation RF;Détection RF large bande;868 MHz;868 MHz;;2485;2.002165451636394;-36.08661806545575;-69.08661806545575;1.234065449623101e-10;0.1;1.2340654496231009e-11;6.370813547486259e-10;;;;ORANGE;True
1784900415.8289592;4.739354817000049;Simulation RF;Détection RF large bande;2,45 GHz;2,45 GHz;;2780;2.2404488099600717;-45.61795239840286;-62.317952398402866;5.864145807395944e-10;0.1;5.864145807395944e-11;1.8161083617249141e-09;;;;ORANGE;True
1784900415.8964813;4.839439930000026;Simulation RF;Détection RF large bande;868 MHz;868 MHz;;2448;1.9729337115599919;-34.91734846239967;-67.91734846239967;1.6153444867828709e-10;0.1;1.615344486782871e-11;6.532347996164546e-10;;;;ORANGE;True
1784900415.8966315;4.839439930000026;Simulation RF;Détection RF large bande;2,45 GHz;2,45 GHz;;2811;2.2651141858421853;-46.60456743368741;-63.30456743368741;4.672434872748363e-10;0.1;4.672434872748363e-11;1.8628327104523976e-09;;;;ORANGE;True
1784900416.023432;4.93959050400008;Simulation RF;Détection RF large bande;868 MHz;868 MHz;;2419;1.949196729318758;-33.96786917275031;-66.96786917275031;2.0100787979912423e-10;0.1;2.0100787979912426e-11;6.73335587596367e-10;;;;ORANGE;True
1784900416.0238538;4.93959050400008;Simulation RF;Détection RF large bande;2,45 GHz;2,45 GHz;;2801;2.257592833061881;-46.30371332247523;-63.00371332247523;5.007588896133878e-10;0.1;5.007588896133879e-11;1.9129085994137363e-09;;;;ORANGE;True
1784900416.096772;5.039689057000032;Simulation RF;Détection RF large bande;868 MHz;868 MHz;;2407;1.9397157462240235;-33.588629848960935;-66.58862984896093;2.1934968501858563e-10;0.1;2.1934968501858563e-11;6.952705560982255e-10;;;;ORANGE;True
1784900416.096929;5.039689057000032;Simulation RF;Détection RF large bande;2,45 GHz;2,45 GHz;;2800;2.2568009024163747;-46.272036096654986;-62.97203609665498;5.044247533773955e-10;0.1;5.0442475337739547e-11;1.963351074751476e-09;;;;ORANGE;True
1784900416.2238758;5.139848496000013;Simulation RF;Détection RF large bande;868 MHz;868 MHz;;2396;1.9308973552062494;-33.235894208249974;-66.23589420824997;2.3790883984612286e-10;0.1;2.3790883984612288e-11;7.190614400828378e-10;;;;ORANGE;True
1784900416.224157;5.139848496000013;Simulation RF;Détection RF large bande;2,45 GHz;2,45 GHz;;2773;2.2344439681671533;-45.377758726686125;-62.07775872668612;6.197608339297335e-10;0.1;6.197608339297336e-11;2.0253271581444493e-09;;;;ORANGE;True
1784900416.297013;5.239935306999996;Simulation RF;Détection RF large bande;868 MHz;868 MHz;;2429;1.9571943296464849;-34.28777318585939;-67.2877731858594;1.867336909160736e-10;0.1;1.8673369091607362e-11;7.377348091744451e-10;;;;ORANGE;True
1784900416.2971728;5.239935306999996;Simulation RF;Détection RF large bande;2,45 GHz;2,45 GHz;;2831;2.2813837513734994;-47.25535005493997;-63.95535005493997;4.0222123440215677e-10;0.1;4.022212344021568e-11;2.065549281584665e-09;;;;ORANGE;True
1784900416.4218643;5.34002982100003;Simulation RF;Détection RF large bande;868 MHz;868 MHz;;2421;1.9512372540547824;-34.04949016219129;-67.04949016219129;1.9726543012755298e-10;0.1;1.97265430127553e-11;7.574613521872004e-10;;;;ORANGE;True
1784900416.422143;5.34002982100003;Simulation RF;Détection RF large bande;2,45 GHz;2,45 GHz;;2794;2.251684694713995;-46.067387788559785;-62.76738778855978;5.287631987029982e-10;0.1;5.287631987029982e-11;2.1184256014549647e-09;;;;ORANGE;True
1784900416.4971452;5.440108966000025;Simulation RF;Détection RF large bande;868 MHz;868 MHz;;2489;2.0057442750105645;-36.22977100042257;-69.22977100042257;1.1940510640439067e-10;0.1;1.1940510640439067e-11;7.694018628276394e-10;;;;ORANGE;True
1784900416.497293;5.440108966000025;Simulation RF;Détection RF large bande;2,45 GHz;2,45 GHz;;2847;2.2942418711874786;-47.76967484749915;-64.46967484749915;3.572995878598949e-10;0.1;3.572995878598949e-11;2.1541555602409544e-09;;;;ORANGE;True
1784900416.623727;5.540220091000037;Simulation RF;Détection RF large bande;868 MHz;868 MHz;;2425;1.9539456077213044;-34.15782430885217;-67.15782430885217;1.924055384228405e-10;0.1;1.924055384228405e-11;7.886424166699235e-10;;;;ORANGE;True
1784900416.6239512;5.540220091000037;Simulation RF;Détection RF large bande;2,45 GHz;2,45 GHz;;2796;2.2529674079020716;-46.11869631608286;-62.818696316082864;5.225530276805386e-10;0.1;5.225530276805386e-11;2.206410863009008e-09;;;;ORANGE;True
1784900416.6973825;5.640305957999999;Simulation RF;Détection RF large bande;868 MHz;868 MHz;;2456;1.978830766361927;-35.15323065447707;-68.15323065447707;1.5299489311591872e-10;0.1;1.5299489311591874e-11;8.039419059815154e-10;;;;ORANGE;True
1784900416.6975338;5.640305957999999;Simulation RF;Détection RF large bande;2,45 GHz;2,45 GHz;;2752;2.2180545078699043;-44.72218031479618;-61.42218031479617;7.207455481022293e-10;0.1;7.207455481022294e-11;2.2784854178192313e-09;;;;ORANGE;True
1784900416.823833;5.740520228000037;Simulation RF;Détection RF large bande;868 MHz;868 MHz;;2324;1.8725734277402395;-30.902937109609574;-63.902937109609574;4.0710486191245156e-10;0.1;4.0710486191245156e-11;8.446523921727606e-10;;;;ORANGE;True
1784900416.8240952;5.740520228000037;Simulation RF;Détection RF large bande;2,45 GHz;2,45 GHz;;2802;2.258196966795054;-46.32787867180217;-63.02787867180217;4.979802659701353e-10;0.1;4.979802659701353e-11;2.3282834444162447e-09;;;;ORANGE;True
1784900416.8980198;5.840644224000016;Simulation RF;Détection RF large bande;868 MHz;868 MHz;;2415;1.9457663889583572;-33.830655558334286;-66.83065555833429;2.074600337285822e-10;0.1;2.074600337285822e-11;8.653983955456188e-10;;;;ORANGE;True
1784900416.898439;5.840644224000016;Simulation RF;Détection RF large bande;2,45 GHz;2,45 GHz;;2801;2.256921991551583;-46.27687966206331;-62.97687966206331;5.038624960910986e-10;0.1;5.038624960910986e-11;2.3786696940253546e-09;;;;ORANGE;True
1784900417.020814;5.940756015000034;Simulation RF;Détection RF large bande;868 MHz;868 MHz;;2412;1.9436974037677683;-33.74789615071073;-66.74789615071073;2.1145131236718554e-10;0.1;2.1145131236718554e-11;8.865435267823373e-10;;;;ORANGE;True
1784900417.0211625;5.940756015000034;Simulation RF;Détection RF large bande;2,45 GHz;2,45 GHz;;2806;2.260921250803294;-46.436850032131744;-63.13685003213175;4.856406109412913e-10;0.1;4.856406109412914e-11;2.4272337551194837e-09;;;;ORANGE;True
1784900417.0979955;6.040862304000029;Simulation RF;Détection RF large bande;868 MHz;868 MHz;;2319;1.8685603866434886;-30.74241546573954;-63.74241546573954;4.2243359914621485e-10;0.1;4.224335991462149e-11;9.287868866969588e-10;;;;ORANGE;True
1784900417.0982466;6.040862304000029;Simulation RF;Détection RF large bande;2,45 GHz;2,45 GHz;;2809;2.263785699143318;-46.551427965732714;-63.25142796573272;4.729957118043686e-10;0.1;4.729957118043686e-11;2.4745333262999205e-09;;;;ORANGE;True
1784900417.2530425;6.1409668869999905;Simulation RF;Détection RF large bande;868 MHz;868 MHz;;2442;1.9679810062065564;-34.71924024826225;-67.71924024826225;1.6907366820693176e-10;0.1;1.6907366820693175e-11;9.45694253517652e-10;;;;ORANGE;True
1784900417.2534661;6.1409668869999905;Simulation RF;Détection RF large bande;2,45 GHz;2,45 GHz;;2747;2.213600004975865;-44.5440001990346;-61.244000199034595;7.509309080393463e-10;0.1;7.509309080393464e-11;2.549626417103855e-09;;;;ORANGE;True
1784900417.2985818;6.241109875999996;Simulation RF;Détection RF large bande;868 MHz;868 MHz;;2350;1.8934788879519588;-31.73915551807835;-64.73915551807835;3.358029044837435e-10;0.1;3.358029044837435e-11;9.792745439660263e-10;;;;ORANGE;True
1784900417.2990289;6.241109875999996;Simulation RF;Détection RF large bande;2,45 GHz;2,45 GHz;;2873;2.315081078557259;-48.60324314229037;-65.30324314229037;2.949006201060016e-10;0.1;2.949006201060016e-11;2.5791164791144553e-09;;;;ORANGE;True
1784900417.410287;6.341230365999991;Simulation RF;Détection RF large bande;868 MHz;868 MHz;;2386;1.9231866793647314;-32.92746717458925;-65.92746717458925;2.5541904840185473e-10;0.1;2.5541904840185475e-11;1.0048164488062117e-09;;;;ORANGE;True
1784900417.4105422;6.341230365999991;Simulation RF;Détection RF large bande;2,45 GHz;2,45 GHz;;2874;2.315838940684145;-48.6335576273658;-65.3335576273658;2.928493316897185e-10;0.1;2.928493316897185e-11;2.608401412283427e-09;;;;ORANGE;True
1784900417.4983964;6.441320337999969;Simulation RF;Détection RF large bande;868 MHz;868 MHz;;2332;1.879294881567528;-31.171795262701124;-64.17179526270112;3.8266652602860117e-10;0.1;3.826665260286012e-11;1.0430831014090718e-09;;;;ORANGE;True
1784900417.4985712;6.441320337999969;Simulation RF;Détection RF large bande;2,45 GHz;2,45 GHz;;2765;2.228253943589189;-45.130157743567565;-61.83015774356757;6.561214343594228e-10;0.1;6.561214343594229e-11;2.6740135557193694e-09;;;;ORANGE;True
1784900417.624883;6.541396736000024;Simulation RF;Détection RF large bande;868 MHz;868 MHz;;2336;1.882301698207443;-31.292067928297712;-64.29206792829771;3.722144311408802e-10;0.1;3.722144311408802e-11;1.08030454452316e-09;;;;ORANGE;True
1784900417.6251373;6.541396736000024;Simulation RF;Détection RF large bande;2,45 GHz;2,45 GHz;;2756;2.2206339435955176;-44.8253577438207;-61.5253577438207;7.038242490403166e-10;0.1;7.038242490403166e-11;2.744395980623401e-09;;;;ORANGE;True
1784900417.6985283;6.641478950000078;Simulation RF;Détection RF large bande;868 MHz;868 MHz;;2328;1.8758118825073167;-31.03247530029266;-64.03247530029266;3.9514134152819143e-10;0.1;3.9514134152819146e-11;1.119818678675979e-09;;;;ORANGE;True
1784900417.698678;6.641478950000078;Simulation RF;Détection RF large bande;2,45 GHz;2,45 GHz;;2801;2.257566034177704;-46.30264136710815;-63.00264136710815;5.008825056053919e-10;0.1;5.008825056053919e-11;2.7944842311839404e-09;;;;ORANGE;True
1784900417.8242648;6.741586736000045;Simulation RF;Détection RF large bande;868 MHz;868 MHz;;2391;1.9266604405761176;-33.0664176230447;-66.0664176230447;2.473763844107258e-10;0.1;2.473763844107258e-11;1.1445563171170516e-09;;;;ORANGE;True
1784900417.824499;6.741586736000045;Simulation RF;Détection RF large bande;2,45 GHz;2,45 GHz;;2818;2.2710099812323263;-46.84039924929306;-63.54039924929306;4.4254768684158246e-10;0.1;4.425476868415825e-11;2.8387389998680988e-09;;;;ORANGE;True
1784900417.8986871;6.8416702819999955;Simulation RF;Détection RF large bande;868 MHz;868 MHz;;2385;1.9218106462684421;-32.872425850737685;-65.87242585073768;2.5867676135743427e-10;0.1;2.5867676135743427e-11;1.170423993252795e-09;;;;ORANGE;True
1784900417.8988237;6.8416702819999955;Simulation RF;Détection RF large bande;2,45 GHz;2,45 GHz;;2816;2.2695371975452097;-46.78148790180839;-63.48148790180839;4.485916751745417e-10;0.1;4.485916751745417e-11;2.8835981673855527e-09;;;;ORANGE;True
1784900418.0266378;6.941745162000075;Simulation RF;Détection RF large bande;868 MHz;868 MHz;;2367;1.9074917916964838;-32.29967166785934;-65.29967166785934;2.951432350263894e-10;0.1;2.951432350263894e-11;1.199938316755434e-09;;;;ORANGE;True
1784900418.0269094;6.941745162000075;Simulation RF;Détection RF large bande;2,45 GHz;2,45 GHz;;2737;2.2053355620944872;-44.21342248377948;-60.913422483779485;8.103222268661178e-10;0.1;8.10322226866118e-11;2.9646303900721647e-09;;;;ORANGE;True
1784900418.098843;7.041828260999978;Simulation RF;Détection RF large bande;868 MHz;868 MHz;;2312;1.8632962003114883;-30.531848012459527;-63.53184801245953;4.4341991947363836e-10;0.1;4.434199194736384e-11;1.2442803087027977e-09;;;;ORANGE;True
1784900418.0989795;7.041828260999978;Simulation RF;Détection RF large bande;2,45 GHz;2,45 GHz;;2785;2.243993821657568;-45.759752866302705;-62.45975286630271;5.675769022470602e-10;0.1;5.675769022470602e-11;3.0213880802968708e-09;;;;ORANGE;True
1784900418.2259827;7.141908117000071;Simulation RF;Détection RF large bande;868 MHz;868 MHz;;2351;1.8944657219321197;-31.77862887728479;-64.77862887728479;3.3276459471117856e-10;0.1;3.327645947111786e-11;1.2775567681739156e-09;;;;ORANGE;True
1784900418.226201;7.141908117000071;Simulation RF;Détection RF large bande;2,45 GHz;2,45 GHz;;2781;2.2407709705398933;-45.63083882159573;-62.330838821595734;5.846771452970654e-10;0.1;5.846771452970654e-11;3.079855794826577e-09;;;;ORANGE;True
1784900418.2990067;7.241991103000032;Simulation RF;Détection RF large bande;868 MHz;868 MHz;;2326;1.874796079317605;-30.9918431727042;-63.9918431727042;3.98855589651148e-10;0.1;3.98855589651148e-11;1.3174423271390304e-09;;;;ORANGE;True
1784900418.2991426;7.241991103000032;Simulation RF;Détection RF large bande;2,45 GHz;2,45 GHz;;2819;2.2713635126326674;-46.85454050530669;-63.55454050530668;4.411090311187024e-10;0.1;4.411090311187024e-11;3.1239666979384472e-09;;;;ORANGE;True
1784900418.4272943;7.342064700000037;Simulation RF;Détection RF large bande;868 MHz;868 MHz;;2327;1.8754674839583985;-31.018699358335937;-64.01869935833594;3.9639673088420743e-10;0.1;3.9639673088420745e-11;1.3570820002274511e-09;;;;ORANGE;True
1784900418.4275105;7.342064700000037;Simulation RF;Détection RF large bande;2,45 GHz;2,45 GHz;;2736;2.205203550021728;-44.20814200086913;-60.908142000869134;8.11308077528645e-10;0.1;8.11308077528645e-11;3.2050975056913116e-09;;;;ORANGE;True
1784900418.4991908;7.4421510370000306;Simulation RF;Détection RF large bande;868 MHz;868 MHz;;2382;1.9195587916077104;-32.78235166430841;-65.78235166430841;2.6409783048299546e-10;0.1;2.6409783048299548e-11;1.3834917832757506e-09;;;;ORANGE;True
1784900418.499336;7.4421510370000306;Simulation RF;Détection RF large bande;2,45 GHz;2,45 GHz;;2781;2.2414621018501166;-45.65848407400466;-62.358484074004664;5.809671715477825e-10;0.1;5.809671715477826e-11;3.26319422284609e-09;;;;ORANGE;True
1784900418.627838;7.542223708000051;Simulation RF;Détection RF large bande;868 MHz;868 MHz;;2387;1.9239417107436045;-32.957668429744174;-65.95766842974417;2.536490014926137e-10;0.1;2.536490014926137e-11;1.408856683425012e-09;;;;ORANGE;True
1784900418.6280835;7.542223708000051;Simulation RF;Détection RF large bande;2,45 GHz;2,45 GHz;;2819;2.2717338092234676;-46.86935236893869;-63.56935236893869;4.396071658973592e-10;0.1;4.3960716589735926e-11;3.3071549394358258e-09;;;;ORANGE;True
1784900418.6993067;7.642300083000009;Simulation RF;Détection RF large bande;868 MHz;868 MHz;;2302;1.8551790120047258;-30.207160480189025;-63.207160480189025;4.778415956565461e-10;0.1;4.7784159565654614e-11;1.4566408429906666e-09;;;;ORANGE;True
1784900418.699439;7.642300083000009;Simulation RF;Détection RF large bande;2,45 GHz;2,45 GHz;;2781;2.2413794752324026;-45.655179009296106;-62.35517900929611;5.814094670386188e-10;0.1;5.8140946703861886e-11;3.3652958861396875e-09;;;;ORANGE;True
1784900418.8286996;7.742378420000023;Simulation RF;Détection RF large bande;868 MHz;868 MHz;;2513;2.0248236453123507;-36.99294581249403;-69.99294581249403;1.0016256065676017e-10;0.1;1.0016256065676018e-11;1.4666570990563427e-09;;;;ORANGE;True
1784900418.8289247;7.742378420000023;Simulation RF;Détection RF large bande;2,45 GHz;2,45 GHz;;2835;2.284235185222483;-47.369407408899306;-64.06940740889931;3.9179533359833835e-10;0.1;3.917953335983384e-11;3.4044754194995215e-09;;;;ORANGE;True
1784900418.899471;7.8424602950000235;Simulation RF;Détection RF large bande;868 MHz;868 MHz;;2359;1.9011860603600823;-32.04744241440329;-65.04744241440329;3.127920875725506e-10;0.1;3.1279208757255063e-11;1.4979363078135979e-09;;;;ORANGE;True
1784900418.8996096;7.8424602950000235;Simulation RF;Détection RF large bande;2,45 GHz;2,45 GHz;;2756;2.221235941931308;-44.849437677252325;-61.54943767725233;6.999326171289844e-10;0.1;6.999326171289845e-11;3.47446868121242e-09;;;;ORANGE;True
1784900419.0175147;7.942604538000069;Simulation RF;Détection RF large bande;868 MHz;868 MHz;;2353;1.89593043292079;-31.837217316831598;-64.8372173168316;3.283055830987834e-10;0.1;3.2830558309878346e-11;1.5307668661234762e-09;;;;ORANGE;True
1784900419.0178828;7.942604538000069;Simulation RF;Détection RF large bande;2,45 GHz;2,45 GHz;;2674;2.154485429141853;-42.17941716567411;-58.87941716567411;1.294369537503961e-09;0.1;1.294369537503961e-10;3.603905634962816e-09;;;;ORANGE;True
1784900419.0996904;8.042683576000059;Simulation RF;Détection RF large bande;868 MHz;868 MHz;;2379;1.917344791151659;-32.69379164606636;-65.69379164606636;2.69538517522347e-10;0.1;2.6953851752234703e-11;1.5577207178757108e-09;;;;ORANGE;True
1784900419.0998213;8.042683576000059;Simulation RF;Détection RF large bande;2,45 GHz;2,45 GHz;;2808;2.262469505228317;-46.498780209132676;-63.19878020913268;4.78764542709785e-10;0.1;4.78764542709785e-11;3.6517820892337946e-09;;;;ORANGE;True
1784900419.231046;8.142762983000011;Simulation RF;Détection RF large bande;868 MHz;868 MHz;;2384;1.9213781132009295;-32.85512452803718;-65.85512452803718;2.5970932722162945e-10;0.1;2.5970932722162948e-11;1.5836916505978738e-09;;;;ORANGE;True
1784900419.231269;8.142762983000011;Simulation RF;Détection RF large bande;2,45 GHz;2,45 GHz;;2757;2.221763265451828;-44.870530618073104;-61.5705306180731;6.965414059517755e-10;0.1;6.965414059517756e-11;3.721436229828972e-09;;;;ORANGE;True
1784900419.2998617;8.24284799999998;Simulation RF;Détection RF large bande;868 MHz;868 MHz;;2382;1.919436870654719;-32.77747482618875;-65.77747482618875;2.6439456135098984e-10;0.1;2.6439456135098987e-11;1.6101311067329727e-09;;;;ORANGE;True
1784900419.2999969;8.24284799999998;Simulation RF;Détection RF large bande;2,45 GHz;2,45 GHz;;2768;2.230978839841178;-45.23915359364712;-61.93915359364712;6.39859527004094e-10;0.1;6.39859527004094e-11;3.7854221825293816e-09;;;;ORANGE;True
1784900419.4210489;8.342995182999971;Simulation RF;Détection RF large bande;868 MHz;868 MHz;;2308;1.8603149820808405;-30.412599283233618;-63.41259928323362;4.55764056289528e-10;0.1;4.55764056289528e-11;1.6557075123619255e-09;;;;ORANGE;True
1784900419.4213412;8.342995182999971;Simulation RF;Détection RF large bande;2,45 GHz;2,45 GHz;;2790;2.2481815861617793;-45.92726344647117;-62.627263446471176;5.461018595297841e-10;0.1;5.461018595297842e-11;3.84003236848236e-09;;;;ORANGE;True
1784900419.5001447;8.443086107999989;Simulation RF;Détection RF large bande;868 MHz;868 MHz;;2349;1.892947053121948;-31.717882124877917;-64.71788212487792;3.3745182988428704e-10;0.1;3.3745182988428704e-11;1.6894526953503541e-09;;;;ORANGE;True
1784900419.5002985;8.443086107999989;Simulation RF;Détection RF large bande;2,45 GHz;2,45 GHz;;2686;2.1646002427168076;-42.5840097086723;-59.2840097086723;1.1792313844730937e-09;0.1;1.1792313844730937e-10;3.95795550692967e-09;;;;ORANGE;True
1784900419.6330247;8.543170589000056;Simulation RF;Détection RF large bande;868 MHz;868 MHz;;2340;1.885343942074718;-31.413757682988717;-64.41375768298872;3.619297073893969e-10;0.1;3.6192970738939694e-11;1.7256456660892938e-09;;;;ORANGE;True
1784900419.6335056;8.543170589000056;Simulation RF;Détection RF large bande;2,45 GHz;2,45 GHz;;2787;2.2461133982416275;-45.8445359296651;-62.5445359296651;5.566041076490664e-10;0.1;5.566041076490664e-11;4.0136159176945766e-09;;;;ORANGE;True
1784900419.7002847;8.643255253999996;Simulation RF;Détection RF large bande;868 MHz;868 MHz;;2357;1.8990579867331185;-31.96231946932474;-64.96231946932474;3.189833781479552e-10;0.1;3.189833781479552e-11;1.7575440039040894e-09;;;;ORANGE;True
1784900419.7004328;8.643255253999996;Simulation RF;Détection RF large bande;2,45 GHz;2,45 GHz;;2803;2.25845410247109;-46.33816409884359;-63.038164098843595;4.968022912251111e-10;0.1;4.968022912251111e-11;4.063296146817087e-09;;;;ORANGE;True
1784900419.8309522;8.743332976000033;Simulation RF;Détection RF large bande;868 MHz;868 MHz;;2431;1.9591749520279649;-34.366998081118595;-67.3669980811186;1.8335813877449432e-10;0.1;1.8335813877449433e-11;1.7758798177815387e-09;;;;ORANGE;True
1784900419.831245;8.743332976000033;Simulation RF;Détection RF large bande;2,45 GHz;2,45 GHz;;2765;2.2278347018522897;-45.11338807409159;-61.813388074091584;6.586598525454726e-10;0.1;6.586598525454726e-11;4.129162132071635e-09;;;;ORANGE;True
1784900419.9005024;8.84342793799999;Simulation RF;Détection RF large bande;868 MHz;868 MHz;;2410;1.9423977749946495;-33.69591099978598;-66.69591099978598;2.1399759866556201e-10;0.1;2.13997598665562e-11;1.797279577648095e-09;;;;ORANGE;True
1784900419.9006548;8.84342793799999;Simulation RF;Détection RF large bande;2,45 GHz;2,45 GHz;;2792;2.249955487785305;-45.9982195114122;-62.698219511412205;5.372520098555654e-10;0.1;5.372520098555654e-11;4.182887333057192e-09;;;;ORANGE;True
1784900420.0303097;8.943514863000019;Simulation RF;Détection RF large bande;868 MHz;868 MHz;;2465;1.9868322056557854;-35.47328822623142;-68.47328822623142;1.421252289742464e-10;0.1;1.4212522897424639e-11;1.8114921005455196e-09;;;;ORANGE;True
1784900420.0305414;8.943514863000019;Simulation RF;Détection RF large bande;2,45 GHz;2,45 GHz;;2704;2.179278260273016;-43.17113041092064;-59.871130410920635;1.0301179595049822e-09;0.1;1.0301179595049822e-10;4.28589912900769e-09;;;;ORANGE;True
1784900420.1006434;9.043604747000018;Simulation RF;Détection RF large bande;868 MHz;868 MHz;;2339;1.8848711171612504;-31.394844686450014;-64.39484468645001;3.635093042302411e-10;0.1;3.635093042302411e-11;1.8478430309685437e-09;;;;ORANGE;True
1784900420.100793;9.043604747000018;Simulation RF;Détection RF large bande;2,45 GHz;2,45 GHz;;2752;2.217714272254773;-44.70857089019091;-61.408570890190916;7.230076807629582e-10;0.1;7.230076807629582e-11;4.358199897083986e-09;;;;ORANGE;True
1784900420.217731;9.143750240000031;Simulation RF;Détection RF large bande;868 MHz;868 MHz;;2331;1.8785146786112106;-31.140587144448418;-64.14058714444842;3.854262464397798e-10;0.1;3.854262464397799e-11;1.8863856556125218e-09;;;;ORANGE;True
1784900420.2219958;9.143750240000031;Simulation RF;Détection RF large bande;2,45 GHz;2,45 GHz;;2742;2.2094101399696076;-44.3764055987843;-61.076405598784305;7.80475797420737e-10;0.1;7.80475797420737e-11;4.43624747682606e-09;;;;ORANGE;True
1784900420.3009079;9.24384554900007;Simulation RF;Détection RF large bande;868 MHz;868 MHz;;2357;1.8992125916479876;-31.9685036659195;-64.9685036659195;3.1852948057981106e-10;0.1;3.185294805798111e-11;1.918238603670503e-09;;;;ORANGE;True
1784900420.3010573;9.24384554900007;Simulation RF;Détection RF large bande;2,45 GHz;2,45 GHz;;2764;2.2271587297728472;-45.08634919091389;-61.786349190913896;6.62773416713226e-10;0.1;6.62773416713226e-11;4.502524818497382e-09;;;;ORANGE;True
1784900420.4009976;9.343933987000014;Simulation RF;Détection RF large bande;868 MHz;868 MHz;;2325;1.8735553278392638;-30.942213113570546;-63.942213113570546;4.034397524260339e-10;0.1;4.0343975242603395e-11;1.958582578913106e-09;;;;ORANGE;True
1784900420.4011497;9.343933987000014;Simulation RF;Détection RF large bande;2,45 GHz;2,45 GHz;;2777;2.2382238148601115;-45.52895259440446;-62.22895259440446;5.985559338135843e-10;0.1;5.985559338135843e-11;4.562380411878741e-09;;;;ORANGE;True
1784900420.501045;9.444018352000057;Simulation RF;Détection RF large bande;868 MHz;868 MHz;;2343;1.8884252408471476;-31.5370096338859;-64.5370096338859;3.518025933747006e-10;0.1;3.5180259337470066e-11;1.993762838250576e-09;;;;ORANGE;True
1784900420.5012162;9.444018352000057;Simulation RF;Détection RF large bande;2,45 GHz;2,45 GHz;;2748;2.214820574258471;-44.59282297033883;-61.29282297033883;7.425363227759406e-10;0.1;7.425363227759406e-11;4.636634044156335e-09;;;;ORANGE;True
1784900420.6011558;9.544098550000058;Simulation RF;Détection RF large bande;868 MHz;868 MHz;;2326;1.8747355330844047;-30.989421323376185;-63.989421323376185;3.9907807406411156e-10;0.1;3.9907807406411156e-11;2.0336706456569873e-09;;;;ORANGE;True
1784900420.6013048;9.544098550000058;Simulation RF;Détection RF large bande;2,45 GHz;2,45 GHz;;2760;2.2242471632187555;-44.96988652875021;-61.669886528750204;6.807871458778618e-10;0.1;6.807871458778619e-11;4.704712758744121e-09;;;;ORANGE;True
1784900420.7012722;9.644187229000067;Simulation RF;Détection RF large bande;868 MHz;868 MHz;;2356;1.898261705127328;-31.93046820509312;-64.93046820509312;3.2133140983353124e-10;0.1;3.2133140983353126e-11;2.0658037866403404e-09;;;;ORANGE;True
1784900420.7014272;9.644187229000067;Simulation RF;Détection RF large bande;2,45 GHz;2,45 GHz;;2729;2.199539499655088;-43.98157998620353;-60.68157998620353;8.547556916891006e-10;0.1;8.547556916891007e-11;4.790188327913032e-09;;;;ORANGE;True
1784900420.8012524;9.744257501999982;Simulation RF;Détection RF large bande;868 MHz;868 MHz;;2335;1.8814728810629155;-31.258915242516622;-64.25891524251662;3.750666726902954e-10;0.1;3.7506667269029544e-11;2.1033104539093697e-09;;;;ORANGE;True
1784900420.8013847;9.744257501999982;Simulation RF;Détection RF large bande;2,45 GHz;2,45 GHz;;2795;2.252512081566589;-46.10048326266356;-62.80048326266356;5.247490653699446e-10;0.1;5.247490653699446e-11;4.842663234450026e-09;;;;ORANGE;True
1784900420.9014232;9.844340293000073;Simulation RF;Détection RF large bande;868 MHz;868 MHz;;2382;1.919684327132522;-32.78737308530087;-65.78737308530087;2.6379265045448337e-10;0.1;2.637926504544834e-11;2.129689718954818e-09;;;;ORANGE;True
1784900420.901595;9.844340293000073;Simulation RF;Détection RF large bande;2,45 GHz;2,45 GHz;;2732;2.201691206585575;-44.067648263422996;-60.767648263423;8.379829332127157e-10;0.1;8.379829332127157e-11;4.9264615277712975e-09;;;;ORANGE;True
1784900421.0014865;9.94442471299999;Simulation RF;Détection RF large bande;868 MHz;868 MHz;;2290;1.8458008486830957;-29.832033947323822;-62.83203394732382;5.209506752182425e-10;0.1;5.209506752182425e-11;2.1817847864766423e-09;;;;ORANGE;True
1784900421.0016558;9.94442471299999;Simulation RF;Détection RF large bande;2,45 GHz;2,45 GHz;;2767;2.2300256706335393;-45.20102682534157;-61.901026825341575;6.455015916462409e-10;0.1;6.45501591646241e-11;4.991011686935922e-09;;;;ORANGE;True
1784900421.1017516;10.044545888000016;Simulation RF;Détection RF large bande;868 MHz;868 MHz;;2380;1.9181776441124467;-32.727105764497864;-65.72710576449786;2.674788353579853e-10;0.1;2.674788353579853e-11;2.208532670012441e-09;;;;ORANGE;True
1784900421.1020257;10.044545888000016;Simulation RF;Détection RF large bande;2,45 GHz;2,45 GHz;;2788;2.247029066674459;-45.881162666978355;-62.58116266697835;5.519296602225061e-10;0.1;5.5192966022250614e-11;5.0462046529581724e-09;;;;ORANGE;True
1784900421.2017436;10.144640433000063;Simulation RF;Détection RF large bande;868 MHz;868 MHz;;2361;1.9026346849427247;-32.10538739770898;-65.10538739770898;3.086464315790231e-10;0.1;3.086464315790231e-11;2.239397313170343e-09;;;;ORANGE;True
1784900421.2019978;10.144640433000063;Simulation RF;Détection RF large bande;2,45 GHz;2,45 GHz;;2737;2.205411362761083;-44.21645451044333;-60.91645451044332;8.097566978872175e-10;0.1;8.097566978872176e-11;5.127180322746894e-09;;;;ORANGE;True
1784900421.30172;10.244682163999983;Simulation RF;Détection RF large bande;868 MHz;868 MHz;;2338;1.8843750690131866;-31.375002760527465;-64.37500276052747;3.651738951374771e-10;0.1;3.651738951374771e-11;2.2759147026840908e-09;;;;ORANGE;True
1784900421.301871;10.244682163999983;Simulation RF;Détection RF large bande;2,45 GHz;2,45 GHz;;2640;2.1271886660746726;-41.087546642986894;-57.78754664298689;1.6643525881668785e-09;0.1;1.6643525881668786e-10;5.293615581563582e-09;;;;ORANGE;True
1784900421.4018226;10.344769616999997;Simulation RF;Détection RF large bande;868 MHz;868 MHz;;2349;1.8926067594394447;-31.704270377577785;-64.70427037757779;3.385111375601188e-10;0.1;3.385111375601188e-11;2.3097658164401025e-09;;;;ORANGE;True
1784900421.4019752;10.344769616999997;Simulation RF;Détection RF large bande;2,45 GHz;2,45 GHz;;2782;2.241665981308609;-45.66663925234435;-62.366639252344356;5.798772554954426e-10;0.1;5.798772554954426e-11;5.351603307113126e-09;;;;ORANGE;True
1784900421.501938;10.444860366000057;Simulation RF;Détection RF large bande;868 MHz;868 MHz;;2375;1.9139060263643064;-32.556241054572254;-65.55624105457225;2.7821202321774987e-10;0.1;2.7821202321774987e-11;2.3375870187618772e-09;;;;ORANGE;True
1784900421.5020926;10.444860366000057;Simulation RF;Détection RF large bande;2,45 GHz;2,45 GHz;;2807;2.262312976434561;-46.49251905738244;-63.19251905738244;4.794552674198785e-10;0.1;4.7945526741987855e-11;5.399548833855114e-09;;;;ORANGE;True
1784900421.601924;10.544930967000028;Simulation RF;Détection RF large bande;868 MHz;868 MHz;;2376;1.9150515593622548;-32.60206237449019;-65.60206237449019;2.7529210877106865e-10;0.1;2.7529210877106866e-11;2.3651162296389842e-09;;;;ORANGE;True
1784900421.6020494;10.544930967000028;Simulation RF;Détection RF large bande;2,45 GHz;2,45 GHz;;2653;2.138183861736852;-41.527354469474076;-58.22735446947408;1.5040578928528357e-09;0.1;1.5040578928528357e-10;5.549954623140398e-09;;;;ORANGE;True
1784900421.7020414;10.645009420000065;Simulation RF;Détection RF large bande;868 MHz;868 MHz;;2452;1.9763558816099591;-35.05423526439836;-68.05423526439836;1.5652239103544852e-10;0.1;1.5652239103544852e-11;2.380768468742529e-09;;;;ORANGE;True
1784900421.7021923;10.645009420000065;Simulation RF;Détection RF large bande;2,45 GHz;2,45 GHz;;2699;2.1746667914251225;-42.98667165700489;-59.68667165700489;1.07481281106908e-09;0.1;1.07481281106908e-10;5.657435904247306e-09;;;;ORANGE;True
1784900421.802142;10.745095204999984;Simulation RF;Détection RF large bande;868 MHz;868 MHz;;2397;1.9312715935581648;-33.25086374232659;-66.25086374232659;2.3709021242214346e-10;0.1;2.3709021242214347e-11;2.4044774899847432e-09;;;;ORANGE;True
1784900421.802291;10.745095204999984;Simulation RF;Détection RF large bande;2,45 GHz;2,45 GHz;;2755;2.2203474355111745;-44.81389742044698;-61.51389742044698;7.056839791765205e-10;0.1;7.056839791765206e-11;5.728004302164958e-09;;;;ORANGE;True
1784900421.9022155;10.845181362000062;Simulation RF;Détection RF large bande;868 MHz;868 MHz;;2398;1.9323838641289333;-33.295354565157325;-66.29535456515733;2.3467376633431067e-10;0.1;2.346737663343107e-11;2.4279448666181744e-09;;;;ORANGE;True
1784900421.9023664;10.845181362000062;Simulation RF;Détection RF large bande;2,45 GHz;2,45 GHz;;2673;2.1542118357105235;-42.16847342842094;-58.868473428420934;1.297635317552364e-09;0.1;1.297635317552364e-10;5.857767833920194e-09;;;;ORANGE;True
1784900422.002283;10.945260240000039;Simulation RF;Détection RF large bande;868 MHz;868 MHz;;2391;1.9265852473708884;-33.06340989483553;-66.06340989483553;2.475477655046187e-10;0.1;2.4754776550461872e-11;2.452699643168636e-09;;;;ORANGE;True
1784900422.0024512;10.945260240000039;Simulation RF;Détection RF large bande;2,45 GHz;2,45 GHz;;2754;2.219159541572061;-44.76638166288244;-61.46638166288244;7.134471931835343e-10;0.1;7.134471931835343e-11;5.929112553238548e-09;;;;ORANGE;True
1784900422.1024094;11.045344301;Simulation RF;Détection RF large bande;868 MHz;868 MHz;;2355;1.8980296556541902;-31.921186226167606;-64.9211862261676;3.2201891129834253e-10;0.1;3.220189112983425e-11;2.4849015342984705e-09;;;;ORANGE;True
1784900422.1025615;11.045344301;Simulation RF;Détection RF large bande;2,45 GHz;2,45 GHz;;2688;2.165763184513439;-42.63052738053754;-59.330527380537546;1.1666679354721118e-09;0.1;1.1666679354721118e-10;6.045779346785759e-09;;;;ORANGE;True
1784900422.2024388;11.145417952999992;Simulation RF;Détection RF large bande;868 MHz;868 MHz;;2321;1.8706851757614376;-30.8274070304575;-63.8274070304575;4.1424692849687507e-10;0.1;4.142469284968751e-11;2.526326227148158e-09;;;;ORANGE;True
1784900422.2025795;11.145417952999992;Simulation RF;Détection RF large bande;2,45 GHz;2,45 GHz;;2771;2.2329083071638687;-45.31633228655474;-62.016332286554736;6.285889920936161e-10;0.1;6.285889920936162e-11;6.108638245995121e-09;;;;ORANGE;True
1784900422.302711;11.24552888200003;Simulation RF;Détection RF large bande;868 MHz;868 MHz;;2410;1.9420228496512886;-33.680913986051536;-66.68091398605154;2.1473785041834503e-10;0.1;2.1473785041834503e-11;2.547800012189992e-09;;;;ORANGE;True
1784900422.3030145;11.24552888200003;Simulation RF;Détection RF large bande;2,45 GHz;2,45 GHz;;2717;2.189427713033604;-43.57710852134416;-60.277108521344154;9.381864318956005e-10;0.1;9.381864318956005e-11;6.2024568891846804e-09;;;;ORANGE;True
1784900422.4027374;11.345633663000058;Simulation RF;Détection RF large bande;868 MHz;868 MHz;;2368;1.9081390712034065;-32.32556284813626;-65.32556284813626;2.933889245588836e-10;0.1;2.933889245588836e-11;2.5771389046458807e-09;;;;ORANGE;True
1784900422.4030066;11.345633663000058;Simulation RF;Détection RF large bande;2,45 GHz;2,45 GHz;;2763;2.2269405466067944;-45.07762186427178;-61.77762186427177;6.64106626336673e-10;0.1;6.641066263366729e-11;6.268867551818348e-09;;;;ORANGE;True
1784900422.5028214;11.445737147000045;Simulation RF;Détection RF large bande;868 MHz;868 MHz;;2373;1.9121201084713118;-32.48480433885247;-65.48480433885247;2.8282615288374405e-10;0.1;2.8282615288374405e-11;2.6054215199342553e-09;;;;ORANGE;True
1784900422.5030177;11.445737147000045;Simulation RF;Détection RF large bande;2,45 GHz;2,45 GHz;;2804;2.2593777037639033;-46.37510815055613;-63.075108150556126;4.925940763305703e-10;0.1;4.925940763305703e-11;6.318126959451405e-09;;;;ORANGE;True
1784900422.6036217;11.54600123900002;Simulation RF;Détection RF large bande;868 MHz;868 MHz;;2363;1.904222020530902;-32.16888082123607;-65.16888082123607;3.041668764047119e-10;0.1;3.041668764047119e-11;2.6358382075747267e-09;;;;ORANGE;True
1784900422.6042345;11.54600123900002;Simulation RF;Détection RF large bande;2,45 GHz;2,45 GHz;;2706;2.1809709626251643;-43.23883850500657;-59.93883850500657;1.0141825866244667e-09;0.1;1.0141825866244668e-10;6.419545218113852e-09;;;;ORANGE;True
1784900422.7031279;11.646091705999993;Simulation RF;Détection RF large bande;868 MHz;868 MHz;;2355;1.897478332478218;-31.89913329912872;-64.89913329912872;3.2365824142307167e-10;0.1;3.236582414230717e-11;2.6682040317170337e-09;;;;ORANGE;True
1784900422.7032719;11.646091705999993;Simulation RF;Détection RF large bande;2,45 GHz;2,45 GHz;;2735;2.2040180102348548;-44.16072040939419;-60.86072040939419;8.202154753789878e-10;0.1;8.202154753789879e-11;6.501566765651751e-09;;;;ORANGE;True
1784900422.803196;11.746170839000001;Simulation RF;Détection RF large bande;868 MHz;868 MHz;;2403;1.9366654490885453;-33.46661796354181;-66.46661796354181;2.255995368130718e-10;0.1;2.2559953681307182e-11;2.690763985398341e-09;;;;ORANGE;True
1784900422.8033454;11.746170839000001;Simulation RF;Détection RF large bande;2,45 GHz;2,45 GHz;;2693;2.170053335844164;-42.802133433766556;-59.50213343376655;1.1214674078811193e-09;0.1;1.1214674078811193e-10;6.6137135064398635e-09;;;;ORANGE;True
1784900422.9032767;11.84624863900001;Simulation RF;Détection RF large bande;868 MHz;868 MHz;;2391;1.9264872785482414;-33.059491141929655;-66.05949114192966;2.4777123514587783e-10;0.1;2.4777123514587783e-11;2.715541108912929e-09;;;;ORANGE;True
1784900422.9034255;11.84624863900001;Simulation RF;Détection RF large bande;2,45 GHz;2,45 GHz;;2752;2.2180274380771783;-44.721097523087124;-61.42109752308713;7.209252682304002e-10;0.1;7.209252682304003e-11;6.685806033262903e-09;;;;ORANGE;True
1784900423.003393;11.946329551000076;Simulation RF;Détection RF large bande;868 MHz;868 MHz;;2432;1.9601449315284853;-34.40579726113941;-67.40579726113941;1.8172734173940508e-10;0.1;1.817273417394051e-11;2.7337138430868695e-09;;;;ORANGE;True
1784900423.0035436;11.946329551000076;Simulation RF;Détection RF large bande;2,45 GHz;2,45 GHz;;2753;2.21859812138819;-44.74392485552758;-61.443924855527584;7.171458910777356e-10;0.1;7.171458910777357e-11;6.757520622370677e-09;;;;ORANGE;True
1784900423.1034162;12.046405383999968;Simulation RF;Détection RF large bande;868 MHz;868 MHz;;2393;1.9286892246653702;-33.1475689866148;-66.1475689866148;2.4279687982726353e-10;0.1;2.4279687982726356e-11;2.757993531069596e-09;;;;ORANGE;True
1784900423.103555;12.046405383999968;Simulation RF;Détection RF large bande;2,45 GHz;2,45 GHz;;2690;2.167798347730199;-42.71193390920796;-59.41193390920796;1.145002959175143e-09;0.1;1.1450029591751431e-10;6.872020918288192e-09;;;;ORANGE;True
1784900423.2035217;12.14648269899999;Simulation RF;Détection RF large bande;868 MHz;868 MHz;;2329;1.877161321327191;-31.086452853087636;-64.08645285308764;3.9026060609026206e-10;0.1;3.902606060902621e-11;2.797019591678622e-09;;;;ORANGE;True
1784900423.2036698;12.14648269899999;Simulation RF;Détection RF large bande;2,45 GHz;2,45 GHz;;2708;2.181929638506759;-43.27718554027035;-59.977185540270355;1.005267045859731e-09;0.1;1.005267045859731e-10;6.972547622874165e-09;;;;ORANGE;True
1784900423.3290112;12.246658696000054;Simulation RF;Détection RF large bande;868 MHz;868 MHz;;2415;1.9459390269585701;-33.8375610783428;-66.8375610783428;2.071304230369156e-10;0.1;2.0713042303691562e-11;2.8177326339823137e-09;;;;ORANGE;True
1784900423.329352;12.246658696000054;Simulation RF;Détection RF large bande;2,45 GHz;2,45 GHz;;2706;2.1805687435624783;-43.22274974249913;-59.92274974249913;1.0179466694019179e-09;0.1;1.017946669401918e-10;7.074342289814357e-09;;;;ORANGE;True
1784900423.4037762;12.346740529000044;Simulation RF;Détection RF large bande;868 MHz;868 MHz;;2381;1.9190599672996802;-32.7623986919872;-65.7623986919872;2.653139777073623e-10;0.1;2.6531397770736234e-11;2.84426403175305e-09;;;;ORANGE;True
1784900423.403924;12.346740529000044;Simulation RF;Détection RF large bande;2,45 GHz;2,45 GHz;;2735;2.203667465687066;-44.146698627482635;-60.84669862748264;8.228679310437557e-10;0.1;8.228679310437557e-11;7.156629082918733e-09;;;;ORANGE;True
1784900423.5911942;12.446832861000075;Simulation RF;Détection RF large bande;868 MHz;868 MHz;;2324;1.872447420266779;-30.897896810671156;-63.897896810671156;4.0757761057855773e-10;0.1;4.0757761057855775e-11;2.8850217928109057e-09;;;;ORANGE;True
1784900423.59161;12.446832861000075;Simulation RF;Détection RF large bande;2,45 GHz;2,45 GHz;;2757;2.222069623366011;-44.88278493464044;-61.582784934640436;6.945787727095409e-10;0.1;6.945787727095409e-11;7.226086960189687e-09;;;;ORANGE;True
1784900423.6039698;12.546914378999986;Simulation RF;Détection RF large bande;868 MHz;868 MHz;;2390;1.9261541687674049;-33.04616675069619;-66.04616675069619;2.4853257811324304e-10;0.1;2.4853257811324306e-11;2.90987505062223e-09;;;;ORANGE;True
1784900423.6041253;12.546914378999986;Simulation RF;Détection RF large bande;2,45 GHz;2,45 GHz;;2783;2.242782331965009;-45.71129327860035;-62.411293278600354;5.739455224363297e-10;0.1;5.739455224363297e-11;7.2834815124333206e-09;;;;ORANGE;True
1784900423.7040043;12.646988341999986;Simulation RF;Détection RF large bande;868 MHz;868 MHz;;2397;1.9314613494055557;-33.25845397622223;-66.25845397622223;2.3667620796466743e-10;0.1;2.3667620796466744e-11;2.933542671418697e-09;;;;ORANGE;True
1784900423.7041466;12.646988341999986;Simulation RF;Détection RF large bande;2,45 GHz;2,45 GHz;;2789;2.247158861172827;-45.886354446913074;-62.58635444691308;5.512702493030923e-10;0.1;5.5127024930309235e-11;7.33860853736363e-09;;;;ORANGE;True
1784900423.8214645;12.747132987999976;Simulation RF;Détection RF large bande;868 MHz;868 MHz;;2422;1.951974992050772;-34.07899968203088;-67.07899968203088;1.9592959095424496e-10;0.1;1.9592959095424498e-11;2.9531356305141215e-09;;;;ORANGE;True
1784900423.8217928;12.747132987999976;Simulation RF;Détection RF large bande;2,45 GHz;2,45 GHz;;2791;2.248900901832259;-45.95603607329036;-62.656036073290366;5.424958155434216e-10;0.1;5.424958155434216e-11;7.392858118917972e-09;;;;ORANGE;True
1784900423.9042435;12.847209227999997;Simulation RF;Détection RF large bande;868 MHz;868 MHz;;2357;1.8997859771556236;-31.991439086224943;-64.99143908622494;3.168517363299798e-10;0.1;3.168517363299798e-11;2.9848208041471195e-09;;;;ORANGE;True
1784900423.9043856;12.847209227999997;Simulation RF;Détection RF large bande;2,45 GHz;2,45 GHz;;2771;2.2331602761372684;-45.32641104549073;-62.026411045490725;6.271319044429249e-10;0.1;6.271319044429249e-11;7.455571309362265e-09;;;;ORANGE;True
1784900424.0042999;12.947285061000002;Simulation RF;Détection RF large bande;868 MHz;868 MHz;;2387;1.9237577456313262;-32.95030982525304;-65.95030982525304;2.54079143927411e-10;0.1;2.5407914392741103e-11;3.0102287185398607e-09;;;;ORANGE;True
1784900424.0044403;12.947285061000002;Simulation RF;Détection RF large bande;2,45 GHz;2,45 GHz;;2763;2.2264923791450224;-45.05969516580089;-61.759695165800885;6.668535744689898e-10;0.1;6.668535744689898e-11;7.522256666809163e-09;;;;ORANGE;True
1784900424.1049724;13.047470535999992;Simulation RF;Détection RF large bande;868 MHz;868 MHz;;2424;1.9537011168080878;-34.14804467232351;-67.14804467232351;1.9283929397354684e-10;0.1;1.9283929397354686e-11;3.0295126479372153e-09;;;;ORANGE;True
1784900424.1054966;13.047470535999992;Simulation RF;Détection RF large bande;2,45 GHz;2,45 GHz;;2668;2.1501114783432604;-42.00445913373042;-58.70445913373042;1.347578541060463e-09;0.1;1.347578541060463e-10;7.657014520915209e-09;;;;ORANGE;True
1784900424.2045696;13.14756099400006;Simulation RF;Détection RF large bande;868 MHz;868 MHz;;2405;1.9377161320675356;-33.50864528270142;-66.50864528270142;2.2342690612751804e-10;0.1;2.2342690612751806e-11;3.051855338549967e-09;;;;ORANGE;True
1784900424.2047074;13.14756099400006;Simulation RF;Détection RF large bande;2,45 GHz;2,45 GHz;;2760;2.2240968120055173;-44.96387248022069;-61.66387248022068;6.817305433348005e-10;0.1;6.817305433348005e-11;7.72518757524869e-09;;;;ORANGE;True
1784900424.3046365;13.247634952999988;Simulation RF;Détection RF large bande;868 MHz;868 MHz;;2398;1.9327231123205273;-33.30892449282109;-66.30892449282109;2.3394165109822167e-10;0.1;2.339416510982217e-11;3.075249503659789e-09;;;;ORANGE;True
1784900424.304776;13.247634952999988;Simulation RF;Détection RF large bande;2,45 GHz;2,45 GHz;;2730;2.199698081552721;-43.98792326210885;-60.687923262108846;8.535081525873547e-10;0.1;8.535081525873547e-11;7.810538390507426e-09;;;;ORANGE;True
1784900424.4047127;13.347711985000046;Simulation RF;Détection RF large bande;868 MHz;868 MHz;;2354;1.8973614311327767;-31.89445724531106;-64.89445724531106;3.2400691230749346e-10;0.1;3.2400691230749345e-11;3.1076501948905382e-09;;;;ORANGE;True
1784900424.4048452;13.347711985000046;Simulation RF;Détection RF large bande;2,45 GHz;2,45 GHz;;2751;2.2169752084053744;-44.67900833621498;-61.37900833621497;7.279460040419039e-10;0.1;7.27946004041904e-11;7.883332990911617e-09;;;;ORANGE;True
1784900424.504782;13.447783276999985;Simulation RF;Détection RF large bande;868 MHz;868 MHz;;2403;1.936843724614314;-33.47374898457255;-66.47374898457255;2.252294112276216e-10;0.1;2.252294112276216e-11;3.1301731360133006e-09;;;;ORANGE;True
1784900424.5049167;13.447783276999985;Simulation RF;Détection RF large bande;2,45 GHz;2,45 GHz;;2757;2.2217030526831043;-44.86812210732417;-61.568122107324164;6.969278010842569e-10;0.1;6.969278010842569e-11;7.953025771020042e-09;;;;ORANGE;True
1784900424.6053417;13.547859329000062;Simulation RF;Détection RF large bande;868 MHz;868 MHz;;2421;1.9512798582165223;-34.051194328660884;-67.05119432866088;1.9718803858856432e-10;0.1;1.9718803858856432e-11;3.149891939872157e-09;;;;ORANGE;True
1784900424.605476;13.547859329000062;Simulation RF;Détection RF large bande;2,45 GHz;2,45 GHz;;2720;2.191923934256294;-43.67695737025177;-60.37695737025177;9.168626112148715e-10;0.1;9.168626112148715e-11;8.044712032141528e-09;;;;ORANGE;True
1784900424.7704237;13.648019913999974;Simulation RF;Détection RF large bande;868 MHz;868 MHz;;2406;1.938631875979397;-33.54527503917588;-66.54527503917588;2.2155037837701576e-10;0.1;2.2155037837701576e-11;3.1720469777098585e-09;;;;ORANGE;True
1784900424.7726269;13.648019913999974;Simulation RF;Détection RF large bande;2,45 GHz;2,45 GHz;;2745;2.2119929878581988;-44.47971951432794;-61.17971951432794;7.621282298877062e-10;0.1;7.621282298877063e-11;8.120924855130299e-09;;;;ORANGE;True
1784900424.8693056;13.812237099000072;Simulation RF;Détection RF large bande;868 MHz;868 MHz;;2404;1.9375947459849507;-33.503789839398024;-66.50378983939802;2.2367683869033407e-10;0.1;2.2367683869033408e-11;3.1944146615788918e-09;;;;ORANGE;True
1784900424.8695982;13.812237099000072;Simulation RF;Détection RF large bande;2,45 GHz;2,45 GHz;;2755;2.2198657689122796;-44.79463075649117;-61.494630756491176;7.088215689339501e-10;0.1;7.088215689339502e-11;8.191807012023693e-09;;;;ORANGE;True
1784900424.9693968;13.912320002000001;Simulation RF;Détection RF large bande;868 MHz;868 MHz;;2432;1.95982024703794;-34.39280988151759;-67.39280988151759;1.8227160250540858e-10;0.1;1.8227160250540858e-11;3.2126418218294328e-09;;;;ORANGE;True
1784900424.9695745;13.912320002000001;Simulation RF;Détection RF large bande;2,45 GHz;2,45 GHz;;2671;2.1521476013893186;-42.08590405557274;-58.78590405557274;1.3225423703517599e-09;0.1;1.32254237035176e-10;8.32406124905887e-09;;;;ORANGE;True
1784900425.0693889;14.012391380000054;Simulation RF;Détection RF large bande;868 MHz;868 MHz;;2406;1.9389631438845436;-33.55852575538174;-66.55852575538174;2.2087543837244524e-10;0.1;2.2087543837244526e-11;3.2347293656666774e-09;;;;ORANGE;True
1784900425.0695586;14.012391380000054;Simulation RF;Détection RF large bande;2,45 GHz;2,45 GHz;;2803;2.259174727955443;-46.3669891182177;-63.066989118217705;4.935158306039344e-10;0.1;4.9351583060393444e-11;8.373412832119264e-09;;;;ORANGE;True
1784900425.1694808;14.11246613100002;Simulation RF;Détection RF large bande;868 MHz;868 MHz;;2411;1.9432355507561354;-33.729422030245416;-66.72942203024542;2.1235270473870587e-10;0.1;2.123527047387059e-11;3.255964636140548e-09;;;;ORANGE;True
1784900425.1696434;14.11246613100002;Simulation RF;Détection RF large bande;2,45 GHz;2,45 GHz;;2744;2.2114959838041606;-44.459839352166426;-61.15983935216643;7.656249272598208e-10;0.1;7.656249272598209e-11;8.449975324845245e-09;;;;ORANGE;True
1784900425.26968;14.21260139900005;Simulation RF;Détection RF large bande;868 MHz;868 MHz;;2425;1.954457134932936;-34.17828539731744;-67.17828539731744;1.915011826022188e-10;0.1;1.915011826022188e-11;3.27511475440077e-09;;;;ORANGE;True
1784900425.2698307;14.21260139900005;Simulation RF;Détection RF large bande;2,45 GHz;2,45 GHz;;2722;2.1933752326837737;-43.73500930735095;-60.43500930735095;9.046884989010532e-10;0.1;9.046884989010533e-11;8.54044417473535e-09;;;;ORANGE;True
1784900425.3697202;14.312680204999992;Simulation RF;Détection RF large bande;868 MHz;868 MHz;;2440;1.9665918800177775;-34.6636752007111;-67.6636752007111;1.7125074911237224e-10;0.1;1.7125074911237226e-11;3.2922398293120075e-09;;;;ORANGE;True
1784900425.3698704;14.312680204999992;Simulation RF;Détection RF large bande;2,45 GHz;2,45 GHz;;2759;2.223533629274614;-44.94134517098456;-61.64134517098456;6.852759382193227e-10;0.1;6.852759382193226e-11;8.608971768557282e-09;;;;ORANGE;True
1784900425.4698043;14.41275969700007;Simulation RF;Détection RF large bande;868 MHz;868 MHz;;2469;1.9896323217603613;-35.58529287041445;-68.58529287041445;1.3850667795431913e-10;0.1;1.3850667795431915e-11;3.3060904971074394e-09;;;;ORANGE;True
1784900425.4699564;14.41275969700007;Simulation RF;Détection RF large bande;2,45 GHz;2,45 GHz;;2781;2.2407214920096408;-45.62885968038563;-62.328859680385634;5.849436516396283e-10;0.1;5.849436516396283e-11;8.667466133721246e-09;;;;ORANGE;True
1784900425.5700428;14.512859724999998;Simulation RF;Détection RF large bande;868 MHz;868 MHz;;2347;1.891208514217792;-31.648340568711674;-64.64834056871167;3.4289878251711476e-10;0.1;3.428987825171148e-11;3.3403803753591508e-09;;;;ORANGE;True
1784900425.570262;14.512859724999998;Simulation RF;Détection RF large bande;2,45 GHz;2,45 GHz;;2720;2.192154246339309;-43.68616985357235;-60.38616985357235;9.1491977529846e-10;0.1;9.1491977529846e-11;8.758958111251091e-09;;;;ORANGE;True
1784900425.6955664;14.612988141000073;Simulation RF;Détection RF large bande;868 MHz;868 MHz;;2450;1.9742931852228578;-34.971727408914305;-67.9717274089143;1.595244511567634e-10;0.1;1.595244511567634e-11;3.356332820474827e-09;;;;ORANGE;True
1784900425.7005086;14.612988141000073;Simulation RF;Détection RF large bande;2,45 GHz;2,45 GHz;;2658;2.1419423914846423;-41.67769565938569;-58.377695659385694;1.4528823037925248e-09;0.1;1.4528823037925248e-10;8.904246341630343e-09;;;;ORANGE;True
1784900425.7701187;14.713079984000046;Simulation RF;Détection RF large bande;868 MHz;868 MHz;;2454;1.977843368815944;-35.113734752637754;-68.11373475263775;1.543926155948913e-10;0.1;1.543926155948913e-11;3.3717720820343163e-09;;;;ORANGE;True
1784900425.770268;14.713079984000046;Simulation RF;Détection RF large bande;2,45 GHz;2,45 GHz;;2722;2.1931872270325665;-43.727489081302664;-60.42748908130267;9.062564110261476e-10;0.1;9.062564110261477e-11;8.994871982732958e-09;;;;ORANGE;True
1784900425.8702095;14.81316445699997;Simulation RF;Détection RF large bande;868 MHz;868 MHz;;2432;1.959650820375483;-34.38603281501932;-67.38603281501932;1.8255625522995322e-10;0.1;1.8255625522995322e-11;3.3900277075573117e-09;;;;ORANGE;True
1784900425.8703635;14.81316445699997;Simulation RF;Détection RF large bande;2,45 GHz;2,45 GHz;;2665;2.1476019316876576;-41.904077267506295;-58.60407726750629;1.3790889327434634e-09;0.1;1.3790889327434636e-10;9.132780876007305e-09;;;;ORANGE;True
1784900425.9702785;14.913241671000037;Simulation RF;Détection RF large bande;868 MHz;868 MHz;;2419;1.9491960058768942;-33.96784023507577;-66.96784023507577;2.010092191483965e-10;0.1;2.0100921914839652e-11;3.4101286294721512e-09;;;;ORANGE;True
1784900425.9704273;14.913241671000037;Simulation RF;Détection RF large bande;2,45 GHz;2,45 GHz;;2776;2.237432120815021;-45.49728483260084;-62.19728483260084;6.029364183253691e-10;0.1;6.029364183253691e-11;9.193074517839841e-09;;;;ORANGE;True
1784900426.0703514;15.013317110999992;Simulation RF;Détection RF large bande;868 MHz;868 MHz;;2447;1.9716707659403185;-34.866830637612736;-67.86683063761274;1.6342441395176936e-10;0.1;1.634244139517694e-11;3.4264710708673283e-09;;;;ORANGE;True
1784900426.070497;15.013317110999992;Simulation RF;Détection RF large bande;2,45 GHz;2,45 GHz;;2762;2.2256253649675286;-45.02501459870115;-61.72501459870115;6.722000495239957e-10;0.1;6.722000495239958e-11;9.260294522792242e-09;;;;ORANGE;True
1784900426.1703944;15.113388303000079;Simulation RF;Détection RF large bande;868 MHz;868 MHz;;2462;1.9839709450159349;-35.35883780063739;-68.35883780063739;1.4592047003911282e-10;0.1;1.4592047003911282e-11;3.4410631178712395e-09;;;;ORANGE;True
1784900426.1705294;15.113388303000079;Simulation RF;Détection RF large bande;2,45 GHz;2,45 GHz;;2734;2.2032963807195407;-44.13185522878163;-60.83185522878163;8.256851562161956e-10;0.1;8.256851562161957e-11;9.342863038413861e-09;;;;ORANGE;True
1784900426.2704535;15.213456754000049;Simulation RF;Détection RF large bande;868 MHz;868 MHz;;2479;1.9978526659811557;-35.91410663924623;-68.91410663924623;1.2840718819209706e-10;0.1;1.2840718819209707e-11;3.453903836690449e-09;;;;ORANGE;True
1784900426.2705872;15.213456754000049;Simulation RF;Détection RF large bande;2,45 GHz;2,45 GHz;;2731;2.2011464355182393;-44.045857420729575;-60.74585742072957;8.421981011840983e-10;0.1;8.421981011840983e-11;9.427082848532272e-09;;;;ORANGE;True
1784900426.3706107;15.313535427000033;Simulation RF;Détection RF large bande;868 MHz;868 MHz;;2410;1.9417682985832045;-33.67073194332818;-66.67073194332818;2.152418943687771e-10;0.1;2.152418943687771e-11;3.475428026127327e-09;;;;ORANGE;True
1784900426.3707666;15.313535427000033;Simulation RF;Détection RF large bande;2,45 GHz;2,45 GHz;;2771;2.232755368423165;-45.310214736926596;-62.01021473692659;6.294750576905834e-10;0.1;6.294750576905834e-11;9.49003035430133e-09;;;;ORANGE;True
1784900426.4706945;15.413614860000052;Simulation RF;Détection RF large bande;868 MHz;868 MHz;;2439;1.9655922975297622;-34.62369190119048;-67.62369190119048;1.728346481600711e-10;0.1;1.728346481600711e-11;3.492711490943334e-09;;;;ORANGE;True
1784900426.4708464;15.413614860000052;Simulation RF;Détection RF large bande;2,45 GHz;2,45 GHz;;2735;2.2038686797883518;-44.15474719153407;-60.85474719153407;8.213443629665259e-10;0.1;8.213443629665259e-11;9.572164790597983e-09;;;;ORANGE;True
1784900426.5706873;15.513684550999983;Simulation RF;Détection RF large bande;868 MHz;868 MHz;;2503;2.017158493170806;-36.686339726832244;-69.68633972683224;1.0748949618793708e-10;0.1;1.0748949618793708e-11;3.5034604405621277e-09;;;;ORANGE;True
1784900426.570814;15.513684550999983;Simulation RF;Détection RF large bande;2,45 GHz;2,45 GHz;;2727;2.197956240147645;-43.918249605905785;-60.61824960590578;8.67311369216129e-10;0.1;8.67311369216129e-11;9.658895927519596e-09;;;;ORANGE;True
1784900426.6708324;15.613761317000012;Simulation RF;Détection RF large bande;868 MHz;868 MHz;;2461;1.9830411974803601;-35.3216478992144;-68.3216478992144;1.4717539500059626e-10;0.1;1.4717539500059625e-11;3.5181779800621875e-09;;;;ORANGE;True
1784900426.6709814;15.613761317000012;Simulation RF;Détection RF large bande;2,45 GHz;2,45 GHz;;2748;2.2148272240975238;-44.59308896390094;-61.29308896390094;7.424908458377403e-10;0.1;7.424908458377404e-11;9.73314501210337e-09;;;;ORANGE;True
1784900426.770873;15.713841305000074;Simulation RF;Détection RF large bande;868 MHz;868 MHz;;2465;1.9861308284026888;-35.44523313610755;-68.44523313610755;1.4304631892454132e-10;0.1;1.4304631892454132e-11;3.5324826119546415e-09;;;;ORANGE;True
1784900426.7710185;15.713841305000074;Simulation RF;Détection RF large bande;2,45 GHz;2,45 GHz;;2761;2.2247989320161223;-44.99195728064488;-61.691957280644885;6.773361765897707e-10;0.1;6.773361765897708e-11;9.800878629762346e-09;;;;ORANGE;True
1784900426.8711593;15.813943087999974;Simulation RF;Détection RF large bande;868 MHz;868 MHz;;2415;1.9457742884670042;-33.83097153868016;-66.83097153868016;2.0744494007409994e-10;0.1;2.0744494007409994e-11;3.5532271059620516e-09;;;;ORANGE;True
1784900426.8714142;15.813943087999974;Simulation RF;Détection RF large bande;2,45 GHz;2,45 GHz;;2753;2.2188296230791646;-44.753184923166586;-61.45318492316658;7.156184149169074e-10;0.1;7.156184149169074e-11;9.872440471254037e-09;;;;ORANGE;True
1784900426.9710364;15.914024928000003;Simulation RF;Détection RF large bande;868 MHz;868 MHz;;2482;2.000156413610773;-36.00625654443091;-69.00625654443091;1.2571130811574136e-10;0.1;1.2571130811574137e-11;3.5657982367736257e-09;;;;ORANGE;True
1784900426.971174;15.914024928000003;Simulation RF;Détection RF large bande;2,45 GHz;2,45 GHz;;2752;2.217485241933104;-44.69940967732417;-61.39940967732417;7.245344370435376e-10;0.1;7.245344370435376e-11;9.94489391495839e-09;;;;ORANGE;True
1784900427.0710912;16.014094688;Simulation RF;Détection RF large bande;868 MHz;868 MHz;;2447;1.9719287391243085;-34.87714956497234;-67.87714956497234;1.630365750789436e-10;0.1;1.630365750789436e-11;3.58210189428152e-09;;;;ORANGE;True
1784900427.0712202;16.014094688;Simulation RF;Détection RF large bande;2,45 GHz;2,45 GHz;;2816;2.2689315384903135;-46.75726153961253;-63.45726153961253;4.5110105837135793e-10;0.1;4.51101058371358e-11;9.990004020795526e-09;;;;ORANGE;True
1784900427.1711566;16.114163506000068;Simulation RF;Détection RF large bande;868 MHz;868 MHz;;2502;2.0158691249717644;-36.63476499887058;-69.63476499887058;1.0877359945315812e-10;0.1;1.0877359945315813e-11;3.592979254226836e-09;;;;ORANGE;True
1784900427.171286;16.114163506000068;Simulation RF;Détection RF large bande;2,45 GHz;2,45 GHz;;2774;2.235842296832146;-45.43369187328584;-62.13369187328584;6.118300628887414e-10;0.1;6.118300628887413e-11;1.00511870270844e-08;;;;ORANGE;True
1784900427.2712483;16.21423612000001;Simulation RF;Détection RF large bande;868 MHz;868 MHz;;2521;2.0317183639084173;-37.26873455633668;-70.26873455633668;9.399971662603124e-11;0.1;9.399971662603125e-12;3.6023792258894395e-09;;;;VERT;True
1784900427.2713947;16.21423612000001;Simulation RF;Détection RF large bande;2,45 GHz;2,45 GHz;;2750;2.215715551162759;-44.62862204651036;-61.32862204651036;7.36440722404787e-10;0.1;7.364407224047871e-11;1.0124831099324879e-08;;;;ORANGE;True
1784900427.3712974;16.314306234000014;Simulation RF;Détection RF large bande;868 MHz;868 MHz;;2520;2.0306057891991953;-37.224231567967806;-70.2242315679678;9.49679018656965e-11;0.1;9.496790186569651e-12;3.6118760160760092e-09;;;;VERT;True
1784900427.3714256;16.314306234000014;Simulation RF;Détection RF large bande;2,45 GHz;2,45 GHz;;2721;2.19306030084733;-43.72241203389321;-60.42241203389321;9.07316474514803e-10;0.1;9.07316474514803e-11;1.0215562746776359e-08;;;;ORANGE;True
1784900427.471395;16.414380273999996;Simulation RF;Détection RF large bande;868 MHz;868 MHz;;2512;2.024191587609716;-36.96766350438864;-69.96766350438864;1.0074735418224296e-10;0.1;1.0074735418224297e-11;3.6219507514942337e-09;;;;ORANGE;True
1784900427.4715326;16.414380273999996;Simulation RF;Détection RF large bande;2,45 GHz;2,45 GHz;;2766;2.2292934182216735;-45.17173672886693;-61.871736728866935;6.498697576669516e-10;0.1;6.498697576669515e-11;1.0280549722543054e-08;;;;ORANGE;True
1784900427.5715754;16.514473388000056;Simulation RF;Détection RF large bande;868 MHz;868 MHz;;2527;2.036737435040322;-37.46949740161287;-70.46949740161287;8.975326577510837e-11;0.1;8.975326577510838e-12;3.6309260780717447e-09;;;;VERT;True
1784900427.5718455;16.514473388000056;Simulation RF;Détection RF large bande;2,45 GHz;2,45 GHz;;2727;2.1976051296094226;-43.90420518437689;-60.604205184376895;8.701206619397251e-10;0.1;8.701206619397252e-11;1.0367561788737026e-08;;;;ORANGE;True
1784900427.6717067;16.614576296999985;Simulation RF;Détection RF large bande;868 MHz;868 MHz;;2497;2.012392955549484;-36.49571822197936;-69.49571822197936;1.1231252155481503e-10;0.1;1.1231252155481503e-11;3.642157330227226e-09;;;;ORANGE;True
1784900427.6720128;16.614576296999985;Simulation RF;Détection RF large bande;2,45 GHz;2,45 GHz;;2787;2.2456864666631464;-45.82745866652586;-62.52745866652585;5.587970868318854e-10;0.1;5.587970868318854e-11;1.0423441497420214e-08;;;;ORANGE;True
1784900427.771781;16.714673577999974;Simulation RF;Détection RF large bande;868 MHz;868 MHz;;2525;2.0347674442702934;-37.39069777081174;-70.39069777081174;9.139663848262936e-11;0.1;9.139663848262937e-12;3.651296994075489e-09;;;;VERT;True
1784900427.7720807;16.714673577999974;Simulation RF;Détection RF large bande;2,45 GHz;2,45 GHz;;2726;2.196619089688343;-43.864763587533716;-60.56476358753371;8.780588837932388e-10;0.1;8.780588837932388e-11;1.0511247385799537e-08;;;;ORANGE;True
1784900427.8719196;16.814781597999968;Simulation RF;Détection RF large bande;868 MHz;868 MHz;;2509;2.0222614783717776;-36.890459134871094;-69.8904591348711;1.0255435003576716e-10;0.1;1.0255435003576716e-11;3.661552429079066e-09;;;;ORANGE;True
1784900427.8722346;16.814781597999968;Simulation RF;Détection RF large bande;2,45 GHz;2,45 GHz;;2750;2.2158163104462463;-44.632652417849854;-61.33265241784985;7.35757602338162e-10;0.1;7.35757602338162e-11;1.0584823146033354e-08;;;;ORANGE;True
1784900427.9719787;16.914878638000005;Simulation RF;Détection RF large bande;868 MHz;868 MHz;;2517;2.0287129904312073;-37.14851961724828;-70.14851961724828;9.663802335843855e-11;0.1;9.663802335843855e-12;3.67121623141491e-09;;;;VERT;True
1784900427.9722774;16.914878638000005;Simulation RF;Détection RF large bande;2,45 GHz;2,45 GHz;;2845;2.2924731780443097;-47.698927121772385;-64.39892712177239;3.631677604135659e-10;0.1;3.631677604135659e-11;1.062113992207471e-08;;;;ORANGE;True
1784900428.0720913;17.01497637800003;Simulation RF;Détection RF large bande;868 MHz;868 MHz;;2484;2.0016998551904845;-36.06799420761938;-69.06799420761938;1.2393688578215037e-10;0.1;1.2393688578215037e-11;3.683609919993125e-09;;;;ORANGE;True
1784900428.0724163;17.01497637800003;Simulation RF;Détection RF large bande;2,45 GHz;2,45 GHz;;2755;2.220059501910193;-44.802380076407715;-61.50238007640771;7.075579131341498e-10;0.1;7.075579131341499e-11;1.0691895713388126e-08;;;;ORANGE;True
1784900428.8611329;17.115154356000062;Simulation RF;Détection RF large bande;868 MHz;868 MHz;;2503;2.0172935883893612;-36.691743535574446;-69.69174353557445;1.0735583308983635e-10;0.1;1.0735583308983635e-11;3.6943455033021083e-09;;;;ORANGE;True
1784900428.8634503;17.115154356000062;Simulation RF;Détection RF large bande;2,45 GHz;2,45 GHz;;2766;2.2293868984995626;-45.175475939982505;-61.8754759399825;6.493104702419842e-10;0.1;6.493104702419842e-11;1.0756826760412325e-08;;;;ORANGE;True
1784900429.5151088;18.458092385999976;Simulation RF;Détection RF large bande;868 MHz;868 MHz;;2539;2.0463476475884397;-37.85390590353758;-70.85390590353758;8.215034840499186e-11;0.1;8.215034840499186e-12;3.7025605381426073e-09;;;;VERT;True
1784900430.1209936;18.458092385999976;Simulation RF;Détection RF large bande;2,45 GHz;2,45 GHz;;2810;2.2647551400871055;-46.59020560348422;-63.290205603484225;4.687911881300907e-10;0.1;4.6879118813009075e-11;1.0803705879225333e-08;;;;ORANGE;True
1784900430.1471252;19.090076963;Simulation RF;Détection RF large bande;868 MHz;868 MHz;;2514;2.026297153141809;-37.051886125672354;-70.05188612567235;9.881238627357392e-11;0.1;9.881238627357393e-12;3.712441776769965e-09;;;;VERT;True
1784900430.1474202;19.090076963;Simulation RF;Détection RF large bande;2,45 GHz;2,45 GHz;;2748;2.2143626118799786;-44.57450447519915;-61.27450447519915;7.456749477923644e-10;0.1;7.456749477923644e-11;1.087827337400457e-08;;;;ORANGE;True
1784900430.737796;19.190204899000037;Simulation RF;Détection RF large bande;868 MHz;868 MHz;;2607;2.1009623785227727;-40.0384951409109;-73.0384951409109;4.967644237880505e-11;0.1;4.9676442378805056e-12;3.7174094210078453e-09;;;;VERT;True
1784900430.7425444;19.190204899000037;Simulation RF;Détection RF large bande;2,45 GHz;2,45 GHz;;2761;2.2252676180566846;-45.01070472226738;-61.71070472226737;6.744185820624249e-10;0.1;6.74418582062425e-11;1.0945715232210813e-08;;;;ORANGE;True
1784900430.7428792;19.685912421000012;Simulation RF;Détection RF large bande;868 MHz;868 MHz;;2620;2.1113394082281842;-40.45357632912736;-73.45357632912736;4.5148400310947384e-11;0.1;4.5148400310947384e-12;3.72192426103894e-09;;;;VERT;True
1784900430.7429888;19.685912421000012;Simulation RF;Détection RF large bande;2,45 GHz;2,45 GHz;;2812;2.265872613069819;-46.63490452279275;-63.33490452279275;4.6399099045181756e-10;0.1;4.639909904518176e-11;1.0992114331255994e-08;;;;ORANGE;True
1784900431.3387861;19.786099132999993;Simulation RF;Détection RF large bande;868 MHz;868 MHz;;2647;2.133354874809724;-41.33419499238896;-74.33419499238896;3.686213631217673e-11;0.1;3.6862136312176735e-12;3.725610474670158e-09;;;;VERT;True
1784900431.3448882;19.786099132999993;Simulation RF;Détection RF large bande;2,45 GHz;2,45 GHz;;2780;2.239937828118142;-45.597513124725666;-62.29751312472566;5.891809380377187e-10;0.1;5.891809380377187e-11;1.1051032425059765e-08;;;;ORANGE;True
1784900431.3453326;20.28833715999997;Simulation RF;Détection RF large bande;868 MHz;868 MHz;;2717;2.189646481187998;-43.58585924751992;-76.58585924751992;2.19489664795487e-11;0.1;2.1948966479548702e-12;3.727805371318112e-09;;;;VERT;True
1784900431.345674;20.28833715999997;Simulation RF;Détection RF large bande;2,45 GHz;2,45 GHz;;2835;2.2842847662059107;-47.37139064823643;-64.07139064823643;3.916164580749154e-10;0.1;3.9161645807491546e-11;1.1090194070867257e-08;;;;ORANGE;True
1784900431.5955372;20.38861668200002;Simulation RF;Détection RF large bande;868 MHz;868 MHz;;2638;2.125769626838906;-41.030785073556245;-74.03078507355625;3.952951561563554e-11;0.1;3.952951561563554e-12;3.731758322879676e-09;;;;VERT;True
1784900431.599815;20.38861668200002;Simulation RF;Détection RF large bande;2,45 GHz;2,45 GHz;;2789;2.2478229485309926;-45.9129179412397;-62.6129179412397;5.479087118799261e-10;0.1;5.479087118799261e-11;1.114498494205525e-08;;;;ORANGE;True
1784900431.6604564;20.60336891999998;Simulation RF;Détection RF large bande;868 MHz;868 MHz;;2678;2.1579248147631698;-42.316992590526795;-75.3169925905268;2.939684624867189e-11;0.1;2.9396846248671887e-12;3.734698007504543e-09;;;;VERT;True
1784900431.6607227;20.60336891999998;Simulation RF;Détection RF large bande;2,45 GHz;2,45 GHz;;2828;2.278926698080731;-47.15706792322922;-63.85706792322922;4.114273966528004e-10;0.1;4.1142739665280045e-11;1.118612768172053e-08;;;;ORANGE;True
1784900431.7604969;20.703454298999986;Simulation RF;Détection RF large bande;868 MHz;868 MHz;;2715;2.1877411164970932;-43.50964465988372;-76.50964465988372;2.233754981377265e-11;0.1;2.233754981377265e-12;3.73693176248592e-09;;;;VERT;True
1784900431.7606428;20.703454298999986;Simulation RF;Détection RF large bande;2,45 GHz;2,45 GHz;;2868;2.3109457557752835;-48.43783023101133;-65.13783023101134;3.0634935966311645e-10;0.1;3.063493596631165e-11;1.1216762617686841e-08;;;;ORANGE;True
1784900431.860684;20.803556677000074;Simulation RF;Détection RF large bande;868 MHz;868 MHz;;2649;2.134911916200632;-41.39647664802527;-74.39647664802527;3.633727328956056e-11;0.1;3.633727328956056e-12;3.740565489814876e-09;;;;VERT;True
1784900431.860864;20.803556677000074;Simulation RF;Détection RF large bande;2,45 GHz;2,45 GHz;;2803;2.2586765446432677;-46.3470617857307;-63.0470617857307;4.957855004693849e-10;0.1;4.9578550046938495e-11;1.126634116773378e-08;;;;ORANGE;True
1784900431.9607124;20.903639149000014;Simulation RF;Détection RF large bande;868 MHz;868 MHz;;2654;2.139157340428209;-41.566293617128366;-74.56629361712837;3.4943840815147136e-11;0.1;3.4943840815147136e-12;3.7440598738963905e-09;;;;VERT;True
1784900431.960881;20.903639149000014;Simulation RF;Détection RF large bande;2,45 GHz;2,45 GHz;;2871;2.3134805757016093;-48.53922302806437;-65.23922302806437;2.992800013805885e-10;0.1;2.992800013805885e-11;1.1296269167871839e-08;;;;ORANGE;True
1784900432.0607932;21.00371653500008;Simulation RF;Détection RF large bande;868 MHz;868 MHz;;2660;2.1435601505540585;-41.74240602216234;-74.74240602216234;3.355516647422619e-11;0.1;3.3555166474226194e-12;3.747415390543813e-09;;;;VERT;True
1784900432.0609777;21.00371653500008;Simulation RF;Détection RF large bande;2,45 GHz;2,45 GHz;;2837;2.2860400616199925;-47.4416024647997;-64.1416024647997;3.8533614965340574e-10;0.1;3.853361496534058e-11;1.1334802782837179e-08;;;;ORANGE;True
1784900432.1608055;21.103795578000017;Simulation RF;Détection RF large bande;868 MHz;868 MHz;;2764;2.22747429964741;-45.0989719858964;-78.0989719858964;1.549183281132246e-11;0.1;1.549183281132246e-12;3.748964573824945e-09;;;;VERT;True
1784900432.1609395;21.103795578000017;Simulation RF;Détection RF large bande;2,45 GHz;2,45 GHz;;2807;2.2620213735073444;-46.48085494029377;-63.18085494029377;4.807447010409586e-10;0.1;4.807447010409586e-11;1.1382877252941275e-08;;;;ORANGE;True
1784900432.2802563;21.20396108099999;Simulation RF;Détection RF large bande;868 MHz;868 MHz;;2672;2.1533461161652165;-42.13384464660865;-75.13384464660865;3.066306300241728e-11;0.1;3.066306300241728e-12;3.752030880125187e-09;;;;VERT;True
1784900432.2805502;21.20396108099999;Simulation RF;Détection RF large bande;2,45 GHz;2,45 GHz;;2844;2.2917068095599533;-47.66827238239813;-64.36827238239813;3.657402536593936e-10;0.1;3.6574025365939365e-11;1.1419451278307214e-08;;;;ORANGE;True
1784900432.3610568;21.30404812400002;Simulation RF;Détection RF large bande;868 MHz;868 MHz;;2614;2.1067768940427616;-40.27107576171046;-73.27107576171046;4.7086067821238464e-11;0.1;4.708606782123847e-12;3.756739486907311e-09;;;;VERT;True
1784900432.3611896;21.30404812400002;Simulation RF;Détection RF large bande;2,45 GHz;2,45 GHz;;2815;2.2685213721624815;-46.74085488649925;-63.440854886499245;4.528084381027419e-10;0.1;4.528084381027419e-11;1.1464732122117489e-08;;;;ORANGE;True
1784900432.4612288;21.404144389000066;Simulation RF;Détection RF large bande;868 MHz;868 MHz;;2660;2.1436127971259467;-41.744511885037866;-74.74451188503787;3.35388997581653e-11;0.1;3.3538899758165302e-12;3.760093376883127e-09;;;;VERT;True
1784900432.4613798;21.404144389000066;Simulation RF;Détection RF large bande;2,45 GHz;2,45 GHz;;2801;2.2568820586635456;-46.275282346541815;-62.97528234654181;5.040478485289816e-10;0.1;5.040478485289816e-11;1.1515136906970386e-08;;;;ORANGE;True
1784900432.9203632;21.50424913500001;Simulation RF;Détection RF large bande;868 MHz;868 MHz;;2674;2.1552399208909483;-42.209596835637925;-75.20959683563792;3.0132857406198515e-11;0.1;3.0132857406198518e-12;3.763106662623747e-09;;;;VERT;True
1784900432.923158;21.50424913500001;Simulation RF;Détection RF large bande;2,45 GHz;2,45 GHz;;2764;2.227099970240252;-45.08399880961008;-61.783998809610075;6.631322036463492e-10;0.1;6.631322036463493e-11;1.1581450127335021e-08;;;;ORANGE;True
1784900433.0027769;21.94570858899999;Simulation RF;Détection RF large bande;868 MHz;868 MHz;;2686;2.164701545779446;-42.58806183117784;-75.58806183117784;2.7618101214770512e-11;0.1;2.7618101214770515e-12;3.765868472745224e-09;;;;VERT;True
1784900433.0029914;21.94570858899999;Simulation RF;Détection RF large bande;2,45 GHz;2,45 GHz;;2832;2.282227088786634;-47.28908355146535;-63.98908355146535;3.991091135111512e-10;0.1;3.991091135111512e-11;1.1621361038686137e-08;;;;ORANGE;True
1784900433.1029072;22.045844981000073;Simulation RF;Détection RF large bande;868 MHz;868 MHz;;2696;2.1729183856224803;-42.9167354248992;-75.9167354248992;2.560509889226518e-11;0.1;2.560509889226518e-12;3.768428982634451e-09;;;;VERT;True
1784900433.1030617;22.045844981000073;Simulation RF;Détection RF large bande;2,45 GHz;2,45 GHz;;2836;2.2850990131565823;-47.40396052626329;-64.1039605262633;3.886905189930308e-10;0.1;3.8869051899303084e-11;1.166023009058544e-08;;;;ORANGE;True
1784900433.255417;22.145925206000015;Simulation RF;Détection RF large bande;868 MHz;868 MHz;;2714;2.1868503930382173;-43.47401572152869;-76.47401572152869;2.2521557841021112e-11;0.1;2.2521557841021112e-12;3.770681138418553e-09;;;;VERT;True
1784900433.2558649;22.145925206000015;Simulation RF;Détection RF large bande;2,45 GHz;2,45 GHz;;2827;2.2784798661419434;-47.13919464567773;-63.83919464567773;4.131241044914632e-10;0.1;4.131241044914632e-11;1.1701542501034585e-08;;;;ORANGE;True
1784900433.3034704;22.246081523000043;Simulation RF;Détection RF large bande;868 MHz;868 MHz;;2684;2.162940767383609;-42.51763069534435;-75.51763069534435;2.8069645670126048e-11;0.1;2.806964567012605e-12;3.7734881029855655e-09;;;;VERT;True
1784900433.3038137;22.246081523000043;Simulation RF;Détection RF large bande;2,45 GHz;2,45 GHz;;2823;2.275261667798804;-47.01046671195215;-63.710466711952144;4.2555267891377283e-10;0.1;4.2555267891377287e-11;1.1744097768925963e-08;;;;ORANGE;True
1784900433.4031978;22.34617545200001;Simulation RF;Détection RF large bande;868 MHz;868 MHz;;2681;2.1603972246256253;-42.415888985025006;-75.415888985025;2.8734993385360798e-11;0.1;2.87349933853608e-12;3.776361602324102e-09;;;;VERT;True
1784900433.403342;22.34617545200001;Simulation RF;Détection RF large bande;2,45 GHz;2,45 GHz;;2823;2.275147816393575;-47.00591265574299;-63.70591265574299;4.259991518380764e-10;0.1;4.2599915183807645e-11;1.178669768410977e-08;;;;ORANGE;True
1784900433.503274;22.446254307000004;Simulation RF;Détection RF large bande;868 MHz;868 MHz;;2722;2.1937390252600806;-43.74956101040321;-76.74956101040321;2.1137026844103555e-11;0.1;2.1137026844103557e-12;3.778475305008512e-09;;;;VERT;True
1784900433.503414;22.446254307000004;Simulation RF;Détection RF large bande;2,45 GHz;2,45 GHz;;2843;2.291279136849642;-47.651165473985685;-64.35116547398569;3.671837497329424e-10;0.1;3.6718374973294244e-11;1.1823416059083066e-08;;;;ORANGE;True
1784900433.6033738;22.546341477000055;Simulation RF;Détection RF large bande;868 MHz;868 MHz;;2671;2.152409500317068;-42.0963800126827;-75.0963800126827;3.0928723692074395e-11;0.1;3.0928723692074396e-12;3.7815681773777195e-09;;;;VERT;True
1784900433.6035228;22.546341477000055;Simulation RF;Détection RF large bande;2,45 GHz;2,45 GHz;;2878;2.319375844343098;-48.77503377372392;-65.47503377372392;2.834631589360406e-10;0.1;2.834631589360406e-11;1.185176237497667e-08;;;;ORANGE;True
1784900433.7034533;22.646424905999993;Simulation RF;Détection RF large bande;868 MHz;868 MHz;;2647;2.1333961883055736;-41.33584753222294;-74.33584753222294;3.6848112518878355e-11;0.1;3.684811251887836e-12;3.785252988629608e-09;;;;VERT;True
1784900433.7035942;22.646424905999993;Simulation RF;Détection RF large bande;2,45 GHz;2,45 GHz;;2856;2.3013460149848286;-48.05384059939314;-64.75384059939314;3.3466934987924346e-10;0.1;3.346693498792435e-11;1.1885229309964594e-08;;;;ORANGE;True
1784900433.803493;22.746495687999982;Simulation RF;Détection RF large bande;868 MHz;868 MHz;;2645;2.131602544706888;-41.264101788275525;-74.26410178827552;3.746190180642545e-11;0.1;3.746190180642545e-12;3.7889991788102505e-09;;;;VERT;True
1784900433.8036232;22.746495687999982;Simulation RF;Détection RF large bande;2,45 GHz;2,45 GHz;;2868;2.3111874788634776;-48.4474991545391;-65.1474991545391;3.056680768476999e-10;0.1;3.056680768476999e-11;1.1915796117649364e-08;;;;ORANGE;True
1784900433.9036736;22.84658619100003;Simulation RF;Détection RF large bande;868 MHz;868 MHz;;2743;2.2105410740087312;-44.421642960349246;-77.42164296034925;1.8106549821162487e-11;0.1;1.8106549821162488e-12;3.790809833792367e-09;;;;VERT;True
1784900433.9038267;22.84658619100003;Simulation RF;Détection RF large bande;2,45 GHz;2,45 GHz;;2910;2.3448125028400812;-49.79250011360325;-66.49250011360326;2.2425905545584963e-10;0.1;2.2425905545584966e-11;1.1938222023194949e-08;;;;ORANGE;True
1784900434.003666;22.946661861000052;Simulation RF;Détection RF large bande;868 MHz;868 MHz;;2774;2.2357094015885117;-45.42837606354047;-78.42837606354047;1.4360262993780318e-11;0.1;1.4360262993780318e-12;3.792245860091745e-09;;;;VERT;True
1784900434.0037968;22.946661861000052;Simulation RF;Détection RF large bande;2,45 GHz;2,45 GHz;;2855;2.3005061808383567;-48.02024723353426;-64.72024723353427;3.3726810823995034e-10;0.1;3.372681082399503e-11;1.1971948834018944e-08;;;;ORANGE;True
1784900434.1037881;23.046746546999998;Simulation RF;Détection RF large bande;868 MHz;868 MHz;;2699;2.174770372099834;-42.990814883993366;-75.99081488399337;2.5172045703492812e-11;0.1;2.5172045703492812e-12;3.794763064662094e-09;;;;VERT;True
1784900434.1039388;23.046746546999998;Simulation RF;Détection RF large bande;2,45 GHz;2,45 GHz;;2869;2.3122160543310577;-48.4886421732423;-65.1886421732423;3.02785994406825e-10;0.1;3.0278599440682504e-11;1.2002227433459626e-08;;;;ORANGE;True
1784900434.203878;23.146832788999973;Simulation RF;Détection RF large bande;868 MHz;868 MHz;;2775;2.235929213065208;-45.43716852260833;-78.43716852260833;1.4331219497978367e-11;0.1;1.433121949797837e-12;3.796196186611892e-09;;;;VERT;True
1784900434.2040281;23.146832788999973;Simulation RF;Détection RF large bande;2,45 GHz;2,45 GHz;;2854;2.299899930180059;-47.995997207202365;-64.69599720720237;3.3915660500563674e-10;0.1;3.3915660500563675e-11;1.203614309396019e-08;;;;ORANGE;True
1784900434.303991;23.24692364100008;Simulation RF;Détection RF large bande;868 MHz;868 MHz;;2758;2.2227083623526975;-44.90833449410789;-77.90833449410789;1.6187006853284673e-11;0.1;1.6187006853284675e-12;3.79781488729722e-09;;;;VERT;True
1784900434.3041413;23.24692364100008;Simulation RF;Détection RF large bande;2,45 GHz;2,45 GHz;;2931;2.361881849081899;-50.47527396327595;-67.17527396327596;1.9163401716320398e-10;0.1;1.91634017163204e-11;1.2055306495676512e-08;;;;ORANGE;True
1784900434.403994;23.346994606000067;Simulation RF;Détection RF large bande;868 MHz;868 MHz;;2675;2.1560260272324245;-42.241041089296985;-75.24104108929698;2.9915474178873836e-11;0.1;2.991547417887384e-12;3.800806434715108e-09;;;;VERT;True
1784900434.4041235;23.346994606000067;Simulation RF;Détection RF large bande;2,45 GHz;2,45 GHz;;2814;2.267882734955308;-46.71530939821231;-63.415309398212315;4.554797359178372e-10;0.1;4.5547973591783725e-11;1.2100854469268295e-08;;;;ORANGE;True
1784900434.5040889;23.447075625000025;Simulation RF;Détection RF large bande;868 MHz;868 MHz;;2750;2.2162992125381664;-44.65196850152665;-77.65196850152665;1.717129897184441e-11;0.1;1.717129897184441e-12;3.802523564612292e-09;;;;VERT;True
1784900434.504226;23.447075625000025;Simulation RF;Détection RF large bande;2,45 GHz;2,45 GHz;;2811;2.265596469797124;-46.623858791884956;-63.32385879188496;4.6517259485017726e-10;0.1;4.6517259485017726e-11;1.2147371728753313e-08;;;;ORANGE;True
1784900434.6041484;23.547148644999993;Simulation RF;Détection RF large bande;868 MHz;868 MHz;;2841;2.2894466047288553;-47.57786418915421;-80.57786418915421;8.75414188119493e-12;0.1;8.75414188119493e-13;3.8033989788004114e-09;;;;VERT;True
1784900434.6042788;23.547148644999993;Simulation RF;Détection RF large bande;2,45 GHz;2,45 GHz;;2854;2.299596340493882;-47.98385361975528;-64.68385361975528;3.40106269701816e-10;0.1;3.40106269701816e-11;1.2181382355723495e-08;;;;ORANGE;True
1784900434.7042177;23.647219776000043;Simulation RF;Détection RF large bande;868 MHz;868 MHz;;2739;2.2075349624543064;-44.30139849817225;-77.30139849817225;1.8614876111506853e-11;0.1;1.8614876111506853e-12;3.805260466411562e-09;;;;VERT;True
1784900434.7043471;23.647219776000043;Simulation RF;Détection RF large bande;2,45 GHz;2,45 GHz;;2827;2.277996326252057;-47.11985305008227;-63.819853050082266;4.149680834515085e-10;0.1;4.1496808345150854e-11;1.2222879164068645e-08;;;;ORANGE;True
1784900434.804385;23.747307351000018;Simulation RF;Détection RF large bande;868 MHz;868 MHz;;2769;2.231806550744091;-45.27226202976364;-78.27226202976364;1.4885855435952014e-11;0.1;1.4885855435952016e-12;3.806749051955157e-09;;;;VERT;True
1784900434.8045394;23.747307351000018;Simulation RF;Détection RF large bande;2,45 GHz;2,45 GHz;;2883;2.3233226175250277;-48.93290470100111;-65.63290470100111;2.7334399023752295e-10;0.1;2.7334399023752295e-11;1.2250213563092398e-08;;;;ORANGE;True
1784900434.9044318;23.84739201800005;Simulation RF;Détection RF large bande;868 MHz;868 MHz;;2742;2.209942412279636;-44.39769649118544;-77.39769649118544;1.820666288515779e-11;0.1;1.820666288515779e-12;3.808569718243673e-09;;;;VERT;True
1784900434.9045851;23.84739201800005;Simulation RF;Détection RF large bande;2,45 GHz;2,45 GHz;;2904;2.340233490041464;-49.60933960165855;-66.30933960165855;2.3391929147590233e-10;0.1;2.3391929147590235e-11;1.2273605492239988e-08;;;;ORANGE;True
1784900435.0044909;23.947474629999988;Simulation RF;Détection RF large bande;868 MHz;868 MHz;;2844;2.2920055216935546;-47.68022086774218;-80.68022086774218;8.550232281387514e-12;0.1;8.550232281387514e-13;3.809424741471812e-09;;;;VERT;True
1784900435.0046313;23.947474629999988;Simulation RF;Détection RF large bande;2,45 GHz;2,45 GHz;;2825;2.2764542534468077;-47.05817013787231;-63.758170137872305;4.2090393525055633e-10;0.1;4.2090393525055635e-11;1.2315695885765044e-08;;;;ORANGE;True
1784900435.1046166;24.047559610999997;Simulation RF;Détection RF large bande;868 MHz;868 MHz;;2747;2.2137417428335904;-44.549669713343604;-77.5496697133436;1.758057311441811e-11;0.1;1.7580573114418112e-12;3.8111827987832534e-09;;;;VERT;True
1784900435.1047645;24.047559610999997;Simulation RF;Détection RF large bande;2,45 GHz;2,45 GHz;;2902;2.33887128207241;-49.554851282896394;-66.2548512828964;2.36872624358488e-10;0.1;2.36872624358488e-11;1.2339383148200893e-08;;;;ORANGE;True
1784900435.2424886;24.147668126999974;Simulation RF;Détection RF large bande;868 MHz;868 MHz;;2735;2.2041468973182714;-44.16587589273085;-77.16587589273085;1.92049159457656e-11;0.1;1.92049159457656e-12;3.81310329037783e-09;;;;VERT;True
1784900435.2444162;24.147668126999974;Simulation RF;Détection RF large bande;2,45 GHz;2,45 GHz;;2871;2.3137788654921265;-48.551154619685065;-65.25115461968507;2.984589027584312e-10;0.1;2.984589027584312e-11;1.2369229038476736e-08;;;;ORANGE;True
1784900435.3048415;24.24776195900006;Simulation RF;Détection RF large bande;868 MHz;868 MHz;;2787;2.2461197417753933;-45.84478967101573;-78.84478967101573;1.304731155289742e-11;0.1;1.3047311552897422e-12;3.814408021533119e-09;;;;VERT;True
1784900435.3049955;24.24776195900006;Simulation RF;Détection RF large bande;2,45 GHz;2,45 GHz;;2946;2.3738159958248066;-50.95263983299226;-67.65263983299226;1.716864484132659e-10;0.1;1.716864484132659e-11;1.2386397683318064e-08;;;;ORANGE;True
1784900435.4048467;24.347837921000064;Simulation RF;Détection RF large bande;868 MHz;868 MHz;;2697;2.1733663702223827;-42.9346548088953;-75.9346548088953;2.5499667592350406e-11;0.1;2.5499667592350406e-12;3.816957988292354e-09;;;;VERT;True
1784900435.404984;24.347837921000064;Simulation RF;Détection RF large bande;2,45 GHz;2,45 GHz;;2881;2.3219071251646564;-48.87628500658626;-65.57628500658626;2.7693095243779074e-10;0.1;2.7693095243779077e-11;1.2414090778561843e-08;;;;ORANGE;True
1784900435.505019;24.44792784499998;Simulation RF;Détection RF large bande;868 MHz;868 MHz;;2724;2.1948095765705435;-43.79238306282174;-76.79238306282174;2.092963688636806e-11;0.1;2.092963688636806e-12;3.819050951980991e-09;;;;VERT;True
1784900435.505173;24.44792784499998;Simulation RF;Détection RF large bande;2,45 GHz;2,45 GHz;;2859;2.3038371452986985;-48.153485811947945;-64.85348581194795;3.2707806425582245e-10;0.1;3.2707806425582244e-11;1.2446798584987425e-08;;;;ORANGE;True
1784900435.6050072;24.548002307000047;Simulation RF;Détection RF large bande;868 MHz;868 MHz;;2733;2.2020195277935413;-44.08078111174164;-77.08078111174164;1.9584923920360315e-11;0.1;1.9584923920360317e-12;3.821009444373027e-09;;;;VERT;True
1784900435.6051404;24.548002307000047;Simulation RF;Détection RF large bande;2,45 GHz;2,45 GHz;;2897;2.334810530764761;-49.39242123059044;-66.09242123059045;2.458996309486861e-10;0.1;2.458996309486861e-11;1.2471388548082294e-08;;;;ORANGE;True
1784900435.7050722;24.648073658000044;Simulation RF;Détection RF large bande;868 MHz;868 MHz;;2695;2.1718966222759657;-42.87586489103863;-75.87586489103863;2.5847200451287543e-11;0.1;2.5847200451287543e-12;3.823594164418156e-09;;;;VERT;True
1784900435.705199;24.648073658000044;Simulation RF;Détection RF large bande;2,45 GHz;2,45 GHz;;2849;2.295881141574152;-47.835245662966074;-64.53524566296608;3.5194551381585573e-10;0.1;3.519455138158558e-11;1.250658309946388e-08;;;;ORANGE;True
1784900435.8052313;24.748149841999975;Simulation RF;Détection RF large bande;868 MHz;868 MHz;;2770;2.231963861834552;-45.27855447338209;-78.27855447338209;1.4864303105642238e-11;0.1;1.4864303105642238e-12;3.82508059472872e-09;;;;VERT;True
1784900435.805385;24.748149841999975;Simulation RF;Détection RF large bande;2,45 GHz;2,45 GHz;;2916;2.34956512233716;-49.982604893486396;-66.6826048934864;2.1465425940670887e-10;0.1;2.1465425940670888e-11;1.252804852540455e-08;;;;ORANGE;True
1784900435.9052544;24.84823321099998;Simulation RF;Détection RF large bande;868 MHz;868 MHz;;2739;2.207237059867168;-44.289482394686715;-77.28948239468671;1.866602144873437e-11;0.1;1.866602144873437e-12;3.826947196873594e-09;;;;VERT;True
1784900435.9054022;24.84823321099998;Simulation RF;Détection RF large bande;2,45 GHz;2,45 GHz;;2908;2.3434114529752104;-49.736458119008404;-66.4364581190084;2.2717167912328364e-10;0.1;2.2717167912328365e-11;1.2550765693316878e-08;;;;ORANGE;True
1784900436.005333;24.94830635900007;Simulation RF;Détection RF large bande;868 MHz;868 MHz;;2747;2.213765692978245;-44.55062771912979;-77.55062771912979;1.757669546135217e-11;0.1;1.7576695461352172e-12;3.828704866419729e-09;;;;VERT;True
1784900436.0054724;24.94830635900007;Simulation RF;Détection RF large bande;2,45 GHz;2,45 GHz;;2831;2.2811815631960104;-47.24726252784042;-63.94726252784042;4.029709574658291e-10;0.1;4.0297095746582915e-11;1.259106278906346e-08;;;;ORANGE;True
1784900436.114933;25.048412577000022;Simulation RF;Détection RF large bande;868 MHz;868 MHz;;2691;2.168690889188188;-42.747635567527524;-75.74763556752752;2.662174034593565e-11;0.1;2.6621740345935653e-12;3.8313670404543226e-09;;;;VERT;True
1784900436.1151671;25.048412577000022;Simulation RF;Détection RF large bande;2,45 GHz;2,45 GHz;;2905;2.341387070794325;-49.655482831773;-66.355482831773;2.3144708578113687e-10;0.1;2.3144708578113687e-11;1.2614207497641574e-08;;;;ORANGE;True
1784900436.2143388;25.14863386600007;Simulation RF;Détection RF large bande;868 MHz;868 MHz;;2774;2.2355624690249765;-45.42249876099905;-78.42249876099905;1.4379709877963623e-11;0.1;1.4379709877963624e-12;3.832805011442119e-09;;;;VERT;True
1784900436.2146444;25.14863386600007;Simulation RF;Détection RF large bande;2,45 GHz;2,45 GHz;;2924;2.356113096405047;-50.24452385620188;-66.94452385620188;2.0209129849886517e-10;0.1;2.020912984988652e-11;1.263441662749146e-08;;;;ORANGE;True
1784900436.305847;25.24874112100008;Simulation RF;Détection RF large bande;868 MHz;868 MHz;;2753;2.2182076968689066;-44.728307874756254;-77.72830787475625;1.6872102787293887e-11;0.1;1.6872102787293888e-12;3.834492221720848e-09;;;;VERT;True
1784900436.3060017;25.24874112100008;Simulation RF;Détection RF large bande;2,45 GHz;2,45 GHz;;2944;2.3726886144851345;-50.90754457940537;-67.60754457940537;1.7347845355973633e-10;0.1;1.7347845355973632e-11;1.2651764472847433e-08;;;;ORANGE;True
1784900436.411935;25.348895096999968;Simulation RF;Détection RF large bande;868 MHz;868 MHz;;2751;2.217314091310842;-44.69256365243368;-77.69256365243368;1.701154015988769e-11;0.1;1.7011540159887691e-12;3.836193375736837e-09;;;;VERT;True
1784900436.4121711;25.348895096999968;Simulation RF;Détection RF large bande;2,45 GHz;2,45 GHz;;2949;2.376735682086859;-51.069427283474354;-67.76942728347436;1.6713110003295302e-10;0.1;1.6713110003295302e-11;1.2668477582850729e-08;;;;ORANGE;True
1784900436.506029;25.448987964000025;Simulation RF;Détection RF large bande;868 MHz;868 MHz;;2744;2.211291492610863;-44.451659704434505;-77.4516597044345;1.7981835880401234e-11;0.1;1.7981835880401235e-12;3.837991559324877e-09;;;;VERT;True
1784900436.5061805;25.448987964000025;Simulation RF;Détection RF large bande;2,45 GHz;2,45 GHz;;2943;2.371613434886815;-50.864537395472595;-67.5645373954726;1.7520490501318948e-10;0.1;1.752049050131895e-11;1.2685998073352049e-08;;;;ORANGE;True
1784900436.606112;25.549072034999995;Simulation RF;Détection RF large bande;868 MHz;868 MHz;;2786;2.245337188668973;-45.81348754675892;-78.81348754675892;1.3141690815309865e-11;0.1;1.3141690815309867e-12;3.839305728406408e-09;;;;VERT;True
1784900436.6062617;25.549072034999995;Simulation RF;Détection RF large bande;2,45 GHz;2,45 GHz;;2908;2.3431316950456615;-49.72526780182646;-66.42526780182646;2.2775777937686588e-10;0.1;2.2775777937686588e-11;1.2708773851289735e-08;;;;ORANGE;True
1784900436.7062242;25.649160308999967;Simulation RF;Détection RF large bande;868 MHz;868 MHz;;2785;2.244622219374726;-45.78488877498904;-78.78488877498904;1.3228515864735701e-11;0.1;1.3228515864735701e-12;3.840628579992882e-09;;;;VERT;True
1784900436.7063787;25.649160308999967;Simulation RF;Détection RF large bande;2,45 GHz;2,45 GHz;;2883;2.3235410146652558;-48.941640586610234;-65.64164058661024;2.7279470815060343e-10;0.1;2.7279470815060345e-11;1.2736053322104795e-08;;;;ORANGE;True
1784900436.80629;25.74924438000005;Simulation RF;Détection RF large bande;868 MHz;868 MHz;;2767;2.2300523554112575;-45.20209421645029;-78.20209421645029;1.5128315682580078e-11;0.1;1.512831568258008e-12;3.84214141156114e-09;;;;VERT;True
1784900436.806443;25.74924438000005;Simulation RF;Détection RF large bande;2,45 GHz;2,45 GHz;;2861;2.305398659821464;-48.215946392858555;-64.91594639285856;3.224076668064465e-10;0.1;3.2240766680644655e-11;1.276829408878544e-08;;;;ORANGE;True
1784900436.9063687;25.849322117000042;Simulation RF;Détection RF large bande;868 MHz;868 MHz;;2781;2.2411411998757673;-45.645647995030686;-78.64564799503069;1.3659512518572711e-11;0.1;1.3659512518572713e-12;3.843507362812997e-09;;;;VERT;True
1784900436.906521;25.849322117000042;Simulation RF;Détection RF large bande;2,45 GHz;2,45 GHz;;2968;2.39187319716564;-51.67492788662561;-68.37492788662561;1.453808525487959e-10;0.1;1.453808525487959e-11;1.2782832174040318e-08;;;;ORANGE;True
1784900437.006464;25.949403984000014;Simulation RF;Détection RF large bande;868 MHz;868 MHz;;2820;2.2727780397808903;-46.91112159123561;-79.91112159123561;1.0206758540793918e-11;0.1;1.020675854079392e-12;3.844528038667076e-09;;;;VERT;True
1784900437.0066164;25.949403984000014;Simulation RF;Détection RF large bande;2,45 GHz;2,45 GHz;;2924;2.3560283639647572;-50.24113455859029;-66.94113455859029;2.0224907505946218e-10;0.1;2.022490750594622e-11;1.2803057081546264e-08;;;;ORANGE;True
1784900437.1064785;26.049478109000006;Simulation RF;Détection RF large bande;868 MHz;868 MHz;;2820;2.272299820383785;-46.8919928153514;-79.8919928153514;1.0251814008088906e-11;0.1;1.0251814008088906e-12;3.8455532200678856e-09;;;;VERT;True
1784900437.1066105;26.049478109000006;Simulation RF;Détection RF large bande;2,45 GHz;2,45 GHz;;2991;2.410616249441005;-52.424649977640186;-69.12464997764019;1.2233057081672597e-10;0.1;1.2233057081672597e-11;1.2815290138627937e-08;;;;ORANGE;True
1784900437.2065587;26.149551734000056;Simulation RF;Détection RF large bande;868 MHz;868 MHz;;2699;2.175235592047329;-43.00942368189317;-76.00942368189317;2.5064418411806093e-11;0.1;2.5064418411806094e-12;3.8480596619090665e-09;;;;VERT;True
1784900437.2066987;26.149551734000056;Simulation RF;Détection RF large bande;2,45 GHz;2,45 GHz;;2913;2.3477032741012143;-49.90813096404857;-66.60813096404857;2.183669476775294e-10;0.1;2.183669476775294e-11;1.283712683339569e-08;;;;ORANGE;True
1784900437.3066397;26.249628099000006;Simulation RF;Détection RF large bande;868 MHz;868 MHz;;2786;2.2451178676662513;-45.804714706650046;-78.80471470665005;1.3168264138160014e-11;0.1;1.3168264138160014e-12;3.849376488322883e-09;;;;VERT;True
1784900437.3067753;26.249628099000006;Simulation RF;Détection RF large bande;2,45 GHz;2,45 GHz;;2897;2.334832297831938;-49.39329191327751;-66.09329191327751;2.458503374162756e-10;0.1;2.4585033741627562e-11;1.2861711867137317e-08;;;;ORANGE;True
1784900437.4068112;26.349725427000067;Simulation RF;Détection RF large bande;868 MHz;868 MHz;;2758;2.222723448159556;-44.90893792638224;-77.90893792638224;1.618475789912892e-11;0.1;1.618475789912892e-12;3.850994964112796e-09;;;;VERT;True
1784900437.4069862;26.349725427000067;Simulation RF;Détection RF large bande;2,45 GHz;2,45 GHz;;2940;2.369361781331676;-50.77447125326702;-67.47447125326703;1.7887632949820853e-10;0.1;1.7887632949820855e-11;1.2879599500087138e-08;;;;ORANGE;True
1784900437.5068784;26.44981636600005;Simulation RF;Détection RF large bande;868 MHz;868 MHz;;2711;2.1847357832431338;-43.389431329725355;-76.38943132972535;2.2964493281874738e-11;0.1;2.296449328187474e-12;3.8532914134409836e-09;;;;VERT;True
1784900437.5070338;26.44981636600005;Simulation RF;Détection RF large bande;2,45 GHz;2,45 GHz;;2918;2.3512983470291537;-50.05193388116615;-66.75193388116615;2.112548128324707e-10;0.1;2.112548128324707e-11;1.2900724981370385e-08;;;;ORANGE;True
1784900437.6069255;26.549897286000032;Simulation RF;Détection RF large bande;868 MHz;868 MHz;;2825;2.276221678960833;-47.04886715843331;-80.04886715843331;9.888109888171104e-12;0.1;9.888109888171105e-13;3.854280224429801e-09;;;;VERT;True
1784900437.6070807;26.549897286000032;Simulation RF;Détection RF large bande;2,45 GHz;2,45 GHz;;2901;2.3375015800832974;-49.50006320333189;-66.2000632033319;2.398798008806206e-10;0.1;2.398798008806206e-11;1.2924712961458447e-08;;;;ORANGE;True
1784900437.706995;26.649976485000025;Simulation RF;Détection RF large bande;868 MHz;868 MHz;;2749;2.21544048185613;-44.6176192742452;-77.6176192742452;1.730764873990845e-11;0.1;1.730764873990845e-12;3.856010989303792e-09;;;;VERT;True
1784900437.7071335;26.649976485000025;Simulation RF;Détection RF large bande;2,45 GHz;2,45 GHz;;2930;2.3614539880298913;-50.45815952119564;-67.15815952119564;1.9239068807933397e-10;0.1;1.9239068807933397e-11;1.2943952030266381e-08;;;;ORANGE;True
1784900437.8070638;26.750051665;Simulation RF;Détection RF large bande;868 MHz;868 MHz;;2708;2.182664105232912;-43.30656420931648;-76.30656420931648;2.3406882717697755e-11;0.1;2.3406882717697757e-12;3.858351677575562e-09;;;;VERT;True
1784900437.807203;26.750051665;Simulation RF;Détection RF large bande;2,45 GHz;2,45 GHz;;2906;2.3418152266269736;-49.672609065078944;-66.37260906507895;2.3053618047634832e-10;0.1;2.3053618047634832e-11;1.2967005648314016e-08;;;;ORANGE;True
1784900437.9071517;26.850134271;Simulation RF;Détection RF large bande;868 MHz;868 MHz;;2768;2.230974200096041;-45.238968003841634;-78.23896800384163;1.500041241800674e-11;0.1;1.500041241800674e-12;3.859851718817363e-09;;;;VERT;True
1784900437.907293;26.850134271;Simulation RF;Détection RF large bande;2,45 GHz;2,45 GHz;;2935;2.3653748136652473;-50.614992546609884;-67.31499254660989;1.8556699941437423e-10;0.1;1.8556699941437425e-11;1.2985562348255453e-08;;;;ORANGE;True
1784900438.0072508;26.95021774700001;Simulation RF;Détection RF large bande;868 MHz;868 MHz;;2786;2.2451621812065907;-45.80648724826362;-78.80648724826362;1.3162890702739355e-11;0.1;1.3162890702739356e-12;3.861168007887637e-09;;;;VERT;True
1784900438.0073988;26.95021774700001;Simulation RF;Détection RF large bande;2,45 GHz;2,45 GHz;;2926;2.358148860652562;-50.32595442610247;-67.02595442610247;1.9833737333417995e-10;0.1;1.9833737333417996e-11;1.3005396085588871e-08;;;;ORANGE;True
1784900438.1073146;27.050303128999985;Simulation RF;Détection RF large bande;868 MHz;868 MHz;;2850;2.2968132835389805;-47.872531341559224;-80.87253134155922;8.179878743482254e-12;0.1;8.179878743482254e-13;3.861985995761985e-09;;;;VERT;True
1784900438.10745;27.050303128999985;Simulation RF;Détection RF large bande;2,45 GHz;2,45 GHz;;3019;2.4325799733740463;-53.30319893496184;-70.00319893496184;9.992636892142639e-11;0.1;9.99263689214264e-12;1.3015388722481013e-08;;;;VERT;True
1784900438.207385;27.150378306999983;Simulation RF;Détection RF large bande;868 MHz;868 MHz;;2877;2.318632195982507;-48.745287839300275;-81.74528783930027;6.690694743588881e-12;0.1;6.690694743588882e-13;3.862655065236344e-09;;;;VERT;True
1784900438.2075198;27.150378306999983;Simulation RF;Détection RF large bande;2,45 GHz;2,45 GHz;;2907;2.3426236131746645;-49.70494452698658;-66.40494452698658;2.2882609396505276e-10;0.1;2.2882609396505278e-11;1.3038271331877519e-08;;;;ORANGE;True
1784900438.331282;27.250472152000043;Simulation RF;Détection RF large bande;868 MHz;868 MHz;;2703;2.1785821599900084;-43.14328639960033;-76.14328639960033;2.4303642042712914e-11;0.1;2.4303642042712914e-12;3.8650854294406154e-09;;;;VERT;True
1784900438.3438718;27.250472152000043;Simulation RF;Détection RF large bande;2,45 GHz;2,45 GHz;;3000;2.4178909828665187;-52.71563931466075;-69.41563931466075;1.1440264579849572e-10;0.1;1.1440264579849572e-11;1.3049711596457368e-08;;;;ORANGE;True
1784900438.4078321;27.350622457999975;Simulation RF;Détection RF large bande;868 MHz;868 MHz;;2813;2.266827893417973;-46.67311573671891;-79.67311573671891;1.0781729365936002e-11;0.1;1.0781729365936002e-12;3.866163602377209e-09;;;;VERT;True
1784900438.4081619;27.350622457999975;Simulation RF;Détection RF large bande;2,45 GHz;2,45 GHz;;2865;2.3091020142099743;-48.36408056839896;-65.06408056839896;3.1159604966428887e-10;0.1;3.115960496642889e-11;1.3080871201423796e-08;;;;ORANGE;True
1784900438.5078454;27.450722135999968;Simulation RF;Détection RF large bande;868 MHz;868 MHz;;2765;2.2284196733350337;-45.13678693340134;-78.13678693340134;1.5357527676701466e-11;0.1;1.5357527676701468e-12;3.867699355144879e-09;;;;VERT;True
1784900438.50813;27.450722135999968;Simulation RF;Détection RF large bande;2,45 GHz;2,45 GHz;;2972;2.395111479872175;-51.80445919488699;-68.50445919488699;1.4110879412145023e-10;0.1;1.4110879412145023e-11;1.3094982080835941e-08;;;;ORANGE;True
1784900438.6079605;27.550827535000053;Simulation RF;Détection RF large bande;868 MHz;868 MHz;;2830;2.2809403689576726;-47.237614758306904;-80.2376147583069;9.467569985580299e-12;0.1;9.4675699855803e-13;3.868646112143438e-09;;;;VERT;True
1784900438.608272;27.550827535000053;Simulation RF;Détection RF large bande;2,45 GHz;2,45 GHz;;2903;2.339155243165568;-49.566209726622716;-66.26620972662272;2.3625392225475355e-10;0.1;2.3625392225475356e-11;1.3118607473061416e-08;;;;ORANGE;True
1784900438.7080555;27.650938305000068;Simulation RF;Détection RF large bande;868 MHz;868 MHz;;2741;2.2091051143715545;-44.36420457486217;-77.36420457486217;1.8347611791059804e-11;0.1;1.8347611791059804e-12;3.870480873322544e-09;;;;VERT;True
1784900438.7098703;27.650938305000068;Simulation RF;Détection RF large bande;2,45 GHz;2,45 GHz;;2956;2.3823144445933884;-51.29257778373554;-67.99257778373554;1.5876041359014981e-10;0.1;1.587604135901498e-11;1.313448351442043e-08;;;;ORANGE;True
1784900438.808178;27.751042667999968;Simulation RF;Détection RF large bande;868 MHz;868 MHz;;2876;2.3174379704784234;-48.69751881913693;-81.69751881913693;6.7646934074678725e-12;0.1;6.764693407467873e-13;3.87115734266329e-09;;;;VERT;True
1784900438.808432;27.751042667999968;Simulation RF;Détection RF large bande;2,45 GHz;2,45 GHz;;2929;2.3601163750997034;-50.404655003988125;-67.10465500398813;1.947755770140699e-10;0.1;1.947755770140699e-11;1.3153961072121837e-08;;;;ORANGE;True
1784900438.9082775;27.851145697999982;Simulation RF;Détection RF large bande;868 MHz;868 MHz;;2776;2.2371668481382425;-45.4866739255297;-78.4866739255297;1.4168784907759477e-11;0.1;1.4168784907759477e-12;3.8725742211540664e-09;;;;VERT;True
1784900438.9085326;27.851145697999982;Simulation RF;Détection RF large bande;2,45 GHz;2,45 GHz;;2974;2.3968101987141566;-51.87240794856626;-68.57240794856627;1.3891821846842358e-10;0.1;1.3891821846842359e-11;1.3167852893968679e-08;;;;ORANGE;True
1784900439.0083656;27.951253764000057;Simulation RF;Détection RF large bande;868 MHz;868 MHz;;2768;2.230308795879975;-45.212351835199;-78.212351835199;1.5092626217362046e-11;0.1;1.5092626217362047e-12;3.8740834837758025e-09;;;;VERT;True
1784900439.0086472;27.951253764000057;Simulation RF;Détection RF large bande;2,45 GHz;2,45 GHz;;2962;2.387180361064682;-51.48721444258727;-68.18721444258728;1.5180237130998776e-10;0.1;1.5180237130998775e-11;1.3183033131099679e-08;;;;ORANGE;True
1784900439.1088462;28.051350348000028;Simulation RF;Détection RF large bande;868 MHz;868 MHz;;2831;2.2811094122511015;-47.24437649004406;-80.24437649004406;9.452840956932995e-12;0.1;9.452840956932996e-13;3.875028767871496e-09;;;;VERT;True
1784900439.1112156;28.051350348000028;Simulation RF;Détection RF large bande;2,45 GHz;2,45 GHz;;3037;2.4470167400288942;-53.88066960115576;-70.58066960115576;8.748488794350117e-11;0.1;8.748488794350118e-12;1.319178161989403e-08;;;;VERT;True
1784900439.2086935;28.15154677999999;Simulation RF;Détection RF large bande;868 MHz;868 MHz;;2792;2.249947123300106;-45.997884932004226;-78.99788493200423;1.2595386734060238e-11;0.1;1.259538673406024e-12;3.876288306544902e-09;;;;VERT;True
1784900439.2090225;28.15154677999999;Simulation RF;Détection RF large bande;2,45 GHz;2,45 GHz;;2942;2.3711387613744943;-50.84555045497977;-67.54555045497978;1.7597256098243628e-10;0.1;1.759725609824363e-11;1.3209378875992273e-08;;;;ORANGE;True
1784900439.3191833;28.25189057900002;Simulation RF;Détection RF large bande;868 MHz;868 MHz;;2726;2.1971403659878512;-43.885614639514046;-76.88561463951405;2.0485121117604965e-11;0.1;2.0485121117604966e-12;3.878336818656663e-09;;;;VERT;True
1784900439.3193524;28.25189057900002;Simulation RF;Détection RF large bande;2,45 GHz;2,45 GHz;;2959;2.3848142496464875;-51.392569985859495;-68.0925699858595;1.551468639448152e-10;0.1;1.551468639448152e-11;1.3224893562386754e-08;;;;ORANGE;True
1784900439.4091952;28.352007069000024;Simulation RF;Détection RF large bande;868 MHz;868 MHz;;2853;2.2990480608210833;-47.96192243284332;-80.96192243284332;8.013232738961285e-12;0.1;8.013232738961285e-13;3.879138141930559e-09;;;;VERT;True
1784900439.4093966;28.352007069000024;Simulation RF;Détection RF large bande;2,45 GHz;2,45 GHz;;2940;2.369247736652196;-50.769909466087825;-67.46990946608783;1.790643181758668e-10;0.1;1.7906431817586682e-11;1.3242799994204341e-08;;;;ORANGE;True
1784900439.5091293;28.452088430999993;Simulation RF;Détection RF large bande;868 MHz;868 MHz;;2781;2.240931532148261;-45.63726128593042;-78.63726128593042;1.3685916041163762e-11;0.1;1.3685916041163763e-12;3.8805067335346755e-09;;;;VERT;True
1784900439.5092766;28.452088430999993;Simulation RF;Détection RF large bande;2,45 GHz;2,45 GHz;;3015;2.429307608116195;-53.17230432464778;-69.87230432464779;1.0298395525153992e-10;0.1;1.0298395525153993e-11;1.3253098389729495e-08;;;;ORANGE;True
1784900439.6091657;28.55216408900003;Simulation RF;Détection RF large bande;868 MHz;868 MHz;;2780;2.240388340965008;-45.61553363860031;-78.61553363860031;1.3754557909968312e-11;0.1;1.3754557909968312e-12;3.881882189325673e-09;;;;VERT;True
1784900439.6093009;28.55216408900003;Simulation RF;Détection RF large bande;2,45 GHz;2,45 GHz;;2921;2.3539170726233416;-50.15668290493366;-66.85668290493366;2.062204401695542e-10;0.1;2.0622044016955422e-11;1.327372043374645e-08;;;;ORANGE;True
1784900439.709267;28.65223900700005;Simulation RF;Détection RF large bande;868 MHz;868 MHz;;2821;2.2737065877315352;-46.94826350926141;-79.94826350926141;1.011984006851374e-11;0.1;1.011984006851374e-12;3.882894173332524e-09;;;;VERT;True
1784900439.7094095;28.65223900700005;Simulation RF;Détection RF large bande;2,45 GHz;2,45 GHz;;2987;2.406921894278037;-52.27687577112147;-68.97687577112147;1.2656465011984054e-10;0.1;1.2656465011984055e-11;1.3286376898758433e-08;;;;ORANGE;True
1784900439.8093429;28.75231596200001;Simulation RF;Détection RF large bande;868 MHz;868 MHz;;2834;2.284160788089103;-47.3664315235641;-80.3664315235641;9.190874748128701e-12;0.1;9.190874748128702e-13;3.8838132608073375e-09;;;;VERT;True
1784900439.8094878;28.75231596200001;Simulation RF;Détection RF large bande;2,45 GHz;2,45 GHz;;2986;2.4066554539944485;-52.266218159777935;-68.96621815977794;1.2687562189993707e-10;0.1;1.2687562189993708e-11;1.3299064460948427e-08;;;;ORANGE;True
1784900439.9094172;28.852397879000023;Simulation RF;Détection RF large bande;868 MHz;868 MHz;;2803;2.2588746591673856;-46.354986366695414;-79.35498636669541;1.1601158579599313e-11;0.1;1.1601158579599313e-12;3.884973376665297e-09;;;;VERT;True
1784900439.909587;28.852397879000023;Simulation RF;Détection RF large bande;2,45 GHz;2,45 GHz;;2894;2.332398165260967;-49.295926610438684;-65.99592661043869;2.5142435169225885e-10;0.1;2.5142435169225886e-11;1.3324206896117653e-08;;;;ORANGE;True
1784900440.0095327;28.95247829599998;Simulation RF;Détection RF large bande;868 MHz;868 MHz;;2768;2.2307812671767695;-45.23125068707077;-78.23125068707077;1.5027091515758873e-11;0.1;1.5027091515758874e-12;3.886476085816873e-09;;;;VERT;True
1784900440.0097096;28.95247829599998;Simulation RF;Détection RF large bande;2,45 GHz;2,45 GHz;;2968;2.3921079252855337;-51.68431701142134;-68.38431701142135;1.4506688942613313e-10;0.1;1.4506688942613314e-11;1.3338713585060267e-08;;;;ORANGE;True
1784900440.1096294;29.052559360000032;Simulation RF;Détection RF large bande;868 MHz;868 MHz;;2785;2.2445655583806583;-45.782622335226336;-78.78262233522634;1.323542119284407e-11;0.1;1.323542119284407e-12;3.887799627936157e-09;;;;VERT;True
1784900440.1097844;29.052559360000032;Simulation RF;Détection RF large bande;2,45 GHz;2,45 GHz;;2995;2.413239585132151;-52.52958340528603;-69.22958340528604;1.1941026426431352e-10;0.1;1.1941026426431352e-11;1.3350654611486699e-08;;;;ORANGE;True
1784900440.209726;29.152642756999967;Simulation RF;Détection RF large bande;868 MHz;868 MHz;;2789;2.247163400674537;-45.88653602698149;-78.88653602698149;1.2922495729008791e-11;0.1;1.2922495729008792e-12;3.889091877509058e-09;;;;VERT;True
1784900440.209878;29.152642756999967;Simulation RF;Détection RF large bande;2,45 GHz;2,45 GHz;;2932;2.3624870738610757;-50.499482954443025;-67.19948295444303;1.9056875844532125e-10;0.1;1.9056875844532127e-11;1.3369711487331232e-08;;;;ORANGE;True
1784900440.3097374;29.252683323000042;Simulation RF;Détection RF large bande;868 MHz;868 MHz;;2719;2.1913702240967563;-43.65480896387025;-76.65480896387025;2.1603250604034335e-11;0.1;2.1603250604034335e-12;3.891252202569461e-09;;;;VERT;True
1784900440.3098893;29.252683323000042;Simulation RF;Détection RF large bande;2,45 GHz;2,45 GHz;;3004;2.4208326213982607;-52.83330485593042;-69.53330485593042;1.1134469100928005e-10;0.1;1.1134469100928006e-11;1.338084595643216e-08;;;;ORANGE;True
1784900440.4098418;29.352772886000025;Simulation RF;Détection RF large bande;868 MHz;868 MHz;;2786;2.2453716613829506;-45.814866455318025;-78.81486645531803;1.313751891946093e-11;0.1;1.313751891946093e-12;3.892565954461407e-09;;;;VERT;True
1784900440.409993;29.352772886000025;Simulation RF;Détection RF large bande;2,45 GHz;2,45 GHz;;2922;2.35472675486897;-50.1890701947588;-66.8890701947588;2.0468828183578407e-10;0.1;2.0468828183578407e-11;1.3401314784615739e-08;;;;ORANGE;True
1784900440.509957;29.45286176500008;Simulation RF;Détection RF large bande;868 MHz;868 MHz;;2754;2.2192779688017787;-44.771118752071146;-77.77111875207115;1.670660193159594e-11;0.1;1.6706601931595942e-12;3.894236614654567e-09;;;;VERT;True
1784900440.510114;29.45286176500008;Simulation RF;Détection RF large bande;2,45 GHz;2,45 GHz;;2991;2.410164499286365;-52.40657997145459;-69.1065799714546;1.2284062087995792e-10;0.1;1.2284062087995793e-11;1.3413598846703735e-08;;;;ORANGE;True
1784900440.6099467;29.55294134799999;Simulation RF;Détection RF large bande;868 MHz;868 MHz;;2775;2.236664961993642;-45.46659847974567;-78.46659847974567;1.423443232628448e-11;0.1;1.4234432326284481e-12;3.895660057887195e-09;;;;VERT;True
1784900440.6100838;29.55294134799999;Simulation RF;Détection RF large bande;2,45 GHz;2,45 GHz;;3003;2.420378772800824;-52.81515091203296;-69.51515091203296;1.1181109709173055e-10;0.1;1.1181109709173056e-11;1.342477995641291e-08;;;;ORANGE;True
1784900440.710037;29.65301798600001;Simulation RF;Détection RF large bande;868 MHz;868 MHz;;2829;2.279438329596186;-47.177533183847444;-80.17753318384744;9.599457310600826e-12;0.1;9.599457310600826e-13;3.896620003618255e-09;;;;VERT;True
1784900440.7101772;29.65301798600001;Simulation RF;Détection RF large bande;2,45 GHz;2,45 GHz;;2912;2.3463118650963337;-49.85247460385335;-66.55247460385336;2.211834050545859e-10;0.1;2.2118340505458593e-11;1.3446898296918367e-08;;;;ORANGE;True
1784900440.8101823;29.75310734599998;Simulation RF;Détection RF large bande;868 MHz;868 MHz;;2841;2.2893769145091514;-47.57507658036606;-80.57507658036606;8.75976271161254e-12;0.1;8.759762711612541e-13;3.897495979889416e-09;;;;VERT;True
1784900440.8103368;29.75310734599998;Simulation RF;Détection RF large bande;2,45 GHz;2,45 GHz;;2973;2.39611773174645;-51.844709269858;-68.544709269858;1.3980705033484868e-10;0.1;1.3980705033484869e-11;1.3460879001951852e-08;;;;ORANGE;True
1784900440.910185;29.853176467000026;Simulation RF;Détection RF large bande;868 MHz;868 MHz;;2792;2.249901125063934;-45.99604500255735;-78.99604500255735;1.260072401870911e-11;0.1;1.260072401870911e-12;3.898756052291288e-09;;;;VERT;True
1784900440.9103189;29.853176467000026;Simulation RF;Détection RF large bande;2,45 GHz;2,45 GHz;;2974;2.3964868125794716;-51.859472503178864;-68.55947250317887;1.393326026927458e-10;0.1;1.3933260269274582e-11;1.3474812262221126e-08;;;;ORANGE;True
1784900441.079582;29.971777769000028;Simulation RF;Détection RF large bande;868 MHz;868 MHz;;2798;2.2547024591241605;-46.18809836496642;-79.18809836496642;1.2055637021613144e-11;0.1;1.2055637021613144e-12;3.899961615993449e-09;;;;VERT;True
1784900441.0820115;29.971777769000028;Simulation RF;Détection RF large bande;2,45 GHz;2,45 GHz;;2937;2.3669825870236387;-50.67930348094555;-67.37930348094555;1.8283934293422237e-10;0.1;1.8283934293422237e-11;1.3493096196514548e-08;;;;ORANGE;True
1784900441.3021007;30.24480655399998;Simulation RF;Détection RF large bande;868 MHz;868 MHz;;2785;2.244657643897465;-45.786305755898596;-78.7863057558986;1.3224200475605816e-11;0.1;1.3224200475605817e-12;3.9012840360410096e-09;;;;VERT;True
1784900441.3023255;30.24480655399998;Simulation RF;Détection RF large bande;2,45 GHz;2,45 GHz;;3001;2.41828827137647;-52.73153085505881;-69.43153085505881;1.139847929002832e-10;0.1;1.139847929002832e-11;1.3504494675804577e-08;;;;ORANGE;True
1784900441.4019094;30.344885543000032;Simulation RF;Détection RF large bande;868 MHz;868 MHz;;2769;2.2316964994215023;-45.267859976860095;-78.2678599768601;1.4900951539445253e-11;0.1;1.4900951539445254e-12;3.902774131194954e-09;;;;VERT;True
1784900441.402053;30.344885543000032;Simulation RF;Détection RF large bande;2,45 GHz;2,45 GHz;;2912;2.3468620233651394;-49.87448093460557;-66.57448093460557;2.200654714463674e-10;0.1;2.200654714463674e-11;1.3526501222949214e-08;;;;ORANGE;True
1784900441.50264;30.444996790000005;Simulation RF;Détection RF large bande;868 MHz;868 MHz;;2748;2.2145993494424223;-44.583973977696886;-77.58397397769689;1.7442253826784556e-11;0.1;1.7442253826784558e-12;3.904518356577632e-09;;;;VERT;True
1784900441.502757;30.444996790000005;Simulation RF;Détection RF large bande;2,45 GHz;2,45 GHz;;2974;2.3964879118404783;-51.859516473619124;-68.55951647361913;1.3933119201747245e-10;0.1;1.3933119201747246e-11;1.354043434215096e-08;;;;ORANGE;True
1784900441.6020834;30.54507094600001;Simulation RF;Détection RF large bande;868 MHz;868 MHz;;2815;2.2684678803921723;-46.738715215686895;-79.7387152156869;1.062009687734357e-11;0.1;1.0620096877343571e-12;3.905580366265367e-09;;;;VERT;True
1784900441.6022213;30.54507094600001;Simulation RF;Détection RF large bande;2,45 GHz;2,45 GHz;;3045;2.454147586910587;-54.16590347642348;-70.86590347642348;8.192371769738733e-11;0.1;8.192371769738733e-12;1.35486267139207e-08;;;;VERT;True
1784900441.7021601;30.645149453000045;Simulation RF;Détection RF large bande;868 MHz;868 MHz;;2724;2.195298097089242;-43.81192388356969;-76.81192388356969;2.0835676778084998e-11;0.1;2.0835676778085e-12;3.907663933943175e-09;;;;VERT;True
1784900441.7022974;30.645149453000045;Simulation RF;Détection RF large bande;2,45 GHz;2,45 GHz;;2967;2.391067180197333;-51.64268720789332;-68.34268720789332;1.4646413100773873e-10;0.1;1.4646413100773872e-11;1.3563273127021474e-08;;;;ORANGE;True
1784900441.8022637;30.74523271999999;Simulation RF;Détection RF large bande;868 MHz;868 MHz;;2794;2.2514876261785295;-46.05950504714117;-79.05950504714117;1.2417938231782723e-11;0.1;1.2417938231782723e-12;3.908905727766353e-09;;;;VERT;True
1784900441.802413;30.74523271999999;Simulation RF;Détection RF large bande;2,45 GHz;2,45 GHz;;3012;2.427565823075768;-53.10263292303071;-69.80263292303071;1.0464939156916055e-10;0.1;1.0464939156916055e-11;1.357373806617839e-08;;;;ORANGE;True
1784900441.9023383;30.845311467999977;Simulation RF;Détection RF large bande;868 MHz;868 MHz;;2826;2.277172004977403;-47.08688019909613;-80.08688019909613;9.801938653151486e-12;0.1;9.801938653151486e-13;3.909885921631668e-09;;;;VERT;True
1784900441.9024825;30.845311467999977;Simulation RF;Détection RF large bande;2,45 GHz;2,45 GHz;;3000;2.4174506487215695;-52.698025948862764;-69.39802594886277;1.1486756242502503e-10;0.1;1.1486756242502503e-11;1.3585224822420892e-08;;;;ORANGE;True
1784900442.0024085;30.945386920000033;Simulation RF;Détection RF large bande;868 MHz;868 MHz;;2784;2.2434443075993893;-45.737772303975575;-78.73777230397558;1.3372812936927766e-11;0.1;1.3372812936927766e-12;3.911223202925361e-09;;;;VERT;True
1784900442.0025482;30.945386920000033;Simulation RF;Détection RF large bande;2,45 GHz;2,45 GHz;;3036;2.4469789226549645;-53.879156906198574;-70.57915690619858;8.751536518979095e-11;0.1;8.751536518979096e-12;1.3593976358939871e-08;;;;VERT;True
1784900442.1025193;31.045474334000005;Simulation RF;Détection RF large bande;868 MHz;868 MHz;;2825;2.2769057616173387;-47.07623046469354;-80.07623046469354;9.826004383222904e-12;0.1;9.826004383222904e-13;3.912205803363683e-09;;;;VERT;True
1784900442.102679;31.045474334000005;Simulation RF;Détection RF large bande;2,45 GHz;2,45 GHz;;3024;2.4370210279540663;-53.480841118162644;-70.18084111816265;9.592148379610167e-11;0.1;9.592148379610168e-12;1.3603568507319482e-08;;;;VERT;True
1784900442.2025833;31.145559746999993;Simulation RF;Détection RF large bande;868 MHz;868 MHz;;2755;2.2204700178165804;-44.81880071266322;-77.81880071266322;1.6524180440530714e-11;0.1;1.6524180440530714e-12;3.913858221407736e-09;;;;VERT;True
1784900442.2027283;31.145559746999993;Simulation RF;Détection RF large bande;2,45 GHz;2,45 GHz;;3038;2.4478143855627406;-53.91257542250962;-70.61257542250962;8.68445277261546e-11;0.1;8.684452772615461e-12;1.3612252960092097e-08;;;;VERT;True
1784900442.3027205;31.245653549000053;Simulation RF;Détection RF large bande;868 MHz;868 MHz;;2726;2.196853411611523;-43.87413646446092;-76.87413646446092;2.0539333825896318e-11;0.1;2.053933382589632e-12;3.915912154790326e-09;;;;VERT;True
1784900442.3028762;31.245653549000053;Simulation RF;Détection RF large bande;2,45 GHz;2,45 GHz;;3031;2.4425455111303034;-53.70182044521212;-70.40182044521212;9.116286291473053e-11;0.1;9.116286291473054e-12;1.3621369246383569e-08;;;;VERT;True
1784900442.402751;31.345736740999996;Simulation RF;Détection RF large bande;868 MHz;868 MHz;;2898;2.335181537541048;-49.40726150164191;-82.40726150164191;5.74478592708502e-12;0.1;5.74478592708502e-13;3.916486633383034e-09;;;;VERT;True
1784900442.4028895;31.345736740999996;Simulation RF;Détection RF large bande;2,45 GHz;2,45 GHz;;3000;2.417408713017633;-52.696348520705314;-69.39634852070532;1.1491193768360633e-10;0.1;1.1491193768360634e-11;1.363286044015193e-08;;;;ORANGE;True
1784900442.5028503;31.44583456099997;Simulation RF;Détection RF large bande;868 MHz;868 MHz;;2724;2.194894861601678;-43.795794464067114;-76.79579446406711;2.0913203024692323e-11;0.1;2.0913203024692325e-12;3.918577953685503e-09;;;;VERT;True
1784900442.5029926;31.44583456099997;Simulation RF;Détection RF large bande;2,45 GHz;2,45 GHz;;2939;2.3681373479685233;-50.72549391874092;-67.42549391874093;1.8090501571013383e-10;0.1;1.8090501571013385e-11;1.3650950941722944e-08;;;;ORANGE;True
1784900442.6029327;31.545920160000037;Simulation RF;Détection RF large bande;868 MHz;868 MHz;;2775;2.2366413302743204;-45.46565321097282;-78.46565321097282;1.4237530875625065e-11;0.1;1.4237530875625067e-12;3.920001706773065e-09;;;;VERT;True
1784900442.6030746;31.545920160000037;Simulation RF;Détection RF large bande;2,45 GHz;2,45 GHz;;3017;2.431036169190414;-53.24144676761655;-69.94144676761655;1.0135736771279941e-10;0.1;1.0135736771279941e-11;1.3661086678494224e-08;;;;ORANGE;True
1784900442.704209;31.646201400999985;Simulation RF;Détection RF large bande;868 MHz;868 MHz;;2723;2.1941367316979994;-43.76546926791997;-76.76546926791997;2.1059743299962505e-11;0.1;2.1059743299962507e-12;3.922107681103061e-09;;;;VERT;True
1784900442.7043395;31.646201400999985;Simulation RF;Détection RF large bande;2,45 GHz;2,45 GHz;;3013;2.4283880669462485;-53.135522677849934;-69.83552267784994;1.0385985984972283e-10;0.1;1.0385985984972284e-11;1.3671472664479196e-08;;;;ORANGE;True
1784900442.803314;31.74628351800004;Simulation RF;Détection RF large bande;868 MHz;868 MHz;;2792;2.2501489385937608;-46.00595754375043;-79.00595754375043;1.2571996331680373e-11;0.1;1.2571996331680375e-12;3.9233648807362294e-09;;;;VERT;True
1784900442.8034585;31.74628351800004;Simulation RF;Détection RF large bande;2,45 GHz;2,45 GHz;;3034;2.445229452583496;-53.80917810333983;-70.50917810333983;8.893694139377407e-11;0.1;8.893694139377407e-12;1.3680366358618573e-08;;;;VERT;True
1784900442.903383;31.846364598000036;Simulation RF;Détection RF large bande;868 MHz;868 MHz;;2706;2.181036833139419;-43.24147332557676;-76.24147332557676;2.3760340904138417e-11;0.1;2.3760340904138417e-12;3.925740914826643e-09;;;;VERT;True
1784900442.903526;31.846364598000036;Simulation RF;Détection RF large bande;2,45 GHz;2,45 GHz;;2972;2.3953366296611596;-51.81346518644638;-68.51346518644638;1.4081647913389611e-10;0.1;1.4081647913389612e-11;1.3694448006531963e-08;;;;ORANGE;True
1784900443.003464;31.946443642000077;Simulation RF;Détection RF large bande;868 MHz;868 MHz;;2716;2.1888344210628574;-43.5533768425143;-76.5533768425143;2.211374593887262e-11;0.1;2.211374593887262e-12;3.9279522894205305e-09;;;;VERT;True
1784900443.0036063;31.946443642000077;Simulation RF;Détection RF large bande;2,45 GHz;2,45 GHz;;2986;2.406238856645305;-52.24955426581219;-68.9495542658122;1.2736337925536346e-10;0.1;1.2736337925536347e-11;1.37071843444575e-08;;;;ORANGE;True
1784900443.10355;32.04652137000005;Simulation RF;Détection RF large bande;868 MHz;868 MHz;;2827;2.27837350908807;-47.1349403635228;-80.1349403635228;9.69406580912291e-12;0.1;9.69406580912291e-13;3.928921696001443e-09;;;;VERT;True
1784900443.103691;32.04652137000005;Simulation RF;Détection RF large bande;2,45 GHz;2,45 GHz;;3000;2.4174333862218;-52.69733544887198;-69.39733544887198;1.1488582707258647e-10;0.1;1.1488582707258649e-11;1.3718672927164759e-08;;;;ORANGE;True
1784900443.2036064;32.14659370800007;Simulation RF;Détection RF large bande;868 MHz;868 MHz;;2702;2.1777088260993507;-43.10835304397402;-76.10835304397402;2.4499921655433366e-11;0.1;2.4499921655433366e-12;3.931371688166986e-09;;;;VERT;True
1784900443.203748;32.14659370800007;Simulation RF;Détection RF large bande;2,45 GHz;2,45 GHz;;3006;2.4226826982562715;-52.90730793025085;-69.60730793025085;1.0946346893720871e-10;0.1;1.0946346893720871e-11;1.372961927405848e-08;;;;ORANGE;True
1784900443.3037724;32.24668406500007;Simulation RF;Détection RF large bande;868 MHz;868 MHz;;2794;2.251649921579666;-46.065996863186626;-79.06599686318663;1.2399389815312327e-11;0.1;1.2399389815312328e-12;3.9326116271485175e-09;;;;VERT;True
1784900443.3039336;32.24668406500007;Simulation RF;Détection RF large bande;2,45 GHz;2,45 GHz;;3027;2.4390346904745632;-53.56138761898252;-70.26138761898252;9.415887004345071e-11;0.1;9.415887004345072e-12;1.3739035161062825e-08;;;;VERT;True
1784900443.403766;32.34675564500003;Simulation RF;Détection RF large bande;868 MHz;868 MHz;;2686;2.164461191333062;-42.578447653322485;-75.57844765332248;2.7679308406673554e-11;0.1;2.7679308406673557e-12;3.9353795579891845e-09;;;;VERT;True
1784900443.4039037;32.34675564500003;Simulation RF;Détection RF large bande;2,45 GHz;2,45 GHz;;2936;2.365878887274119;-50.63515549096476;-67.33515549096477;1.847074662694085e-10;0.1;1.8470746626940852e-11;1.3757505907689765e-08;;;;ORANGE;True
1784900443.5038924;32.446840168999984;Simulation RF;Détection RF large bande;868 MHz;868 MHz;;2726;2.196935751569175;-43.877430062767004;-76.877430062767;2.0523763130696125e-11;0.1;2.0523763130696125e-12;3.937431934302254e-09;;;;VERT;True
1784900443.5040412;32.446840168999984;Simulation RF;Détection RF large bande;2,45 GHz;2,45 GHz;;3000;2.417684789273922;-52.70739157095689;-69.40739157095689;1.1462011580456797e-10;0.1;1.1462011580456798e-11;1.3768967919270222e-08;;;;ORANGE;True
1784900443.6039712;32.54692417399997;Simulation RF;Détection RF large bande;868 MHz;868 MHz;;2714;2.1868275076039825;-43.4731003041593;-76.4731003041593;2.252630549475806e-11;0.1;2.2526305494758064e-12;3.93968456485173e-09;;;;VERT;True
1784900443.6041207;32.54692417399997;Simulation RF;Détection RF large bande;2,45 GHz;2,45 GHz;;3019;2.433011798836068;-53.32047195344272;-70.02047195344272;9.95297251231983e-11;0.1;9.95297251231983e-12;1.3778920891782541e-08;;;;VERT;True
1784900443.7040255;32.64700782700004;Simulation RF;Détection RF large bande;868 MHz;868 MHz;;2800;2.2562570913208035;-46.25028365283214;-79.25028365283214;1.1884246047575222e-11;0.1;1.1884246047575224e-12;3.9408729894564875e-09;;;;VERT;True
1784900443.7041671;32.64700782700004;Simulation RF;Détection RF large bande;2,45 GHz;2,45 GHz;;3079;2.481431442111585;-55.25725768446338;-71.95725768446339;6.371977469966193e-11;0.1;6.371977469966194e-12;1.3785292869252507e-08;;;;VERT;True
1784900443.804125;32.74709275800001;Simulation RF;Détection RF large bande;868 MHz;868 MHz;;2748;2.214209669128082;-44.56838676512328;-77.56838676512328;1.7504968092664908e-11;0.1;1.7504968092664908e-12;3.942623486265754e-09;;;;VERT;True
1784900443.804269;32.74709275800001;Simulation RF;Détection RF large bande;2,45 GHz;2,45 GHz;;3070;2.474267367410783;-54.97069469643131;-71.67069469643131;6.806604716963184e-11;0.1;6.806604716963185e-12;1.379209947396947e-08;;;;VERT;True
1784900443.904186;32.847168967000016;Simulation RF;Détection RF large bande;868 MHz;868 MHz;;2765;2.2284370491069083;-45.13748196427633;-78.13748196427633;1.5355070104184057e-11;0.1;1.5355070104184057e-12;3.944158993276172e-09;;;;VERT;True
1784900443.9043272;32.847168967000016;Simulation RF;Détection RF large bande;2,45 GHz;2,45 GHz;;2985;2.405839975508265;-52.2335990203306;-68.9335990203306;1.2783215135894341e-10;0.1;1.2783215135894342e-11;1.3804882689105365e-08;;;;ORANGE;True
1784900444.0042806;32.94725323199998;Simulation RF;Détection RF large bande;868 MHz;868 MHz;;2698;2.1743848120400435;-42.97539248160173;-75.97539248160173;2.5261594051607428e-11;0.1;2.526159405160743e-12;3.946685152681333e-09;;;;VERT;True
1784900444.0044618;32.94725323199998;Simulation RF;Détection RF large bande;2,45 GHz;2,45 GHz;;3008;2.4240370959984987;-52.961483839939945;-69.66148383993995;1.0810645243640547e-10;0.1;1.0810645243640547e-11;1.3815693334349007e-08;;;;ORANGE;True
1784900444.1043472;33.04733353200004;Simulation RF;Détection RF large bande;868 MHz;868 MHz;;2708;2.1820207167205736;-43.280828668822934;-76.28082866882293;2.3545999644077598e-11;0.1;2.35459996440776e-12;3.94903975264574e-09;;;;VERT;True
1784900444.1044827;33.04733353200004;Simulation RF;Détection RF large bande;2,45 GHz;2,45 GHz;;3064;2.4691184358113025;-54.764737432452094;-71.4647374324521;7.137173540360674e-11;0.1;7.137173540360674e-12;1.3822830507889367e-08;;;;VERT;True
1784900444.2044282;33.14741481400006;Simulation RF;Détection RF large bande;868 MHz;868 MHz;;2714;2.186923325601515;-43.476933024060585;-76.47693302406059;2.250643443093937e-11;0.1;2.250643443093937e-12;3.9512903960888345e-09;;;;VERT;True
1784900444.2045703;33.14741481400006;Simulation RF;Détection RF large bande;2,45 GHz;2,45 GHz;;3015;2.4296542555218017;-53.18617022087206;-69.88617022087206;1.0265567852707752e-10;0.1;1.0265567852707753e-11;1.3833096075742075e-08;;;;ORANGE;True
1784900444.3045552;33.24749793000001;Simulation RF;Détection RF large bande;868 MHz;868 MHz;;2697;2.173125251493955;-42.92501005975821;-75.92501005975821;2.5556359813228352e-11;0.1;2.5556359813228352e-12;3.953846032070157e-09;;;;VERT;True
1784900444.3047042;33.24749793000001;Simulation RF;Détection RF large bande;2,45 GHz;2,45 GHz;;3071;2.474919570917837;-54.996782836713464;-71.69678283671347;6.765839891602415e-11;0.1;6.765839891602415e-12;1.3839861915633676e-08;;;;VERT;True
1784900444.4048169;33.34761667400005;Simulation RF;Détection RF large bande;868 MHz;868 MHz;;2659;2.1431364233178534;-41.72545693271414;-74.72545693271414;3.368637715483208e-11;0.1;3.368637715483208e-12;3.95721466978564e-09;;;;VERT;True
1784900444.405142;33.34761667400005;Simulation RF;Détection RF large bande;2,45 GHz;2,45 GHz;;3051;2.4587577434915717;-54.35030973966286;-71.05030973966286;7.851796334500584e-11;0.1;7.851796334500584e-12;1.3847713711968178e-08;;;;VERT;True
1784900444.5048606;33.44772940000007;Simulation RF;Détection RF large bande;868 MHz;868 MHz;;2794;2.251294811849927;-46.05179247399707;-79.05179247399707;1.2440010662663512e-11;0.1;1.2440010662663514e-12;3.958458670851907e-09;;;;VERT;True
1784900444.5051458;33.44772940000007;Simulation RF;Détection RF large bande;2,45 GHz;2,45 GHz;;3016;2.430355655592627;-53.21422622370507;-69.91422622370507;1.0199464662667633e-10;0.1;1.0199464662667633e-11;1.3857913176630845e-08;;;;ORANGE;True
1784900444.6049268;33.54783145900001;Simulation RF;Détection RF large bande;868 MHz;868 MHz;;2723;2.194646353016194;-43.78585412064777;-76.78585412064777;2.0961125003520004e-11;0.1;2.0961125003520004e-12;3.960554783352259e-09;;;;VERT;True
1784900444.6051943;33.54783145900001;Simulation RF;Détection RF large bande;2,45 GHz;2,45 GHz;;3038;2.448127684774427;-53.925107390977075;-70.62510739097708;8.659429103306852e-11;0.1;8.659429103306852e-12;1.3866572605734152e-08;;;;VERT;True
1784900444.7055283;33.648052570000004;Simulation RF;Détection RF large bande;868 MHz;868 MHz;;2655;2.1393291396989293;-41.57316558795718;-74.57316558795718;3.488859185849359e-11;0.1;3.488859185849359e-12;3.9640436425381086e-09;;;;VERT;True
1784900444.7061226;33.648052570000004;Simulation RF;Détection RF large bande;2,45 GHz;2,45 GHz;;3006;2.4227185657986166;-52.90874263194465;-69.60874263194465;1.0942731340376167e-10;0.1;1.0942731340376167e-11;1.3877515337074527e-08;;;;ORANGE;True
1784900444.8233962;33.74818140700006;Simulation RF;Détection RF large bande;868 MHz;868 MHz;;2738;2.206340331949229;-44.25361327796915;-77.25361327796915;1.8820825678072648e-11;0.1;1.882082567807265e-12;3.965925725105916e-09;;;;VERT;True
1784900444.8236609;33.74818140700006;Simulation RF;Détection RF large bande;2,45 GHz;2,45 GHz;;2981;2.4022757590318733;-52.09103036127493;-68.79103036127493;1.3209821947056279e-10;0.1;1.3209821947056279e-11;1.3890725159021583e-08;;;;ORANGE;True
1784900444.9053054;33.84826981800006;Simulation RF;Détection RF large bande;868 MHz;868 MHz;;2694;2.171272103559629;-42.850884142385155;-75.85088414238515;2.5996302731599966e-11;0.1;2.5996302731599966e-12;3.968525355379076e-09;;;;VERT;True
1784900444.9054563;33.84826981800006;Simulation RF;Détection RF large bande;2,45 GHz;2,45 GHz;;3031;2.4421732754763;-53.68693101905198;-70.38693101905199;9.147594360921117e-11;0.1;9.147594360921118e-12;1.3899872753382504e-08;;;;VERT;True
1784900445.0053668;33.948352710999984;Simulation RF;Détection RF large bande;868 MHz;868 MHz;;2688;2.165950789302871;-42.63803157211484;-75.63803157211484;2.7302149648928714e-11;0.1;2.7302149648928715e-12;3.971255570343969e-09;;;;VERT;True
1784900445.0055056;33.948352710999984;Simulation RF;Détection RF large bande;2,45 GHz;2,45 GHz;;3065;2.470307090491504;-54.81228361966015;-71.51228361966015;7.059462539750349e-11;0.1;7.0594625397503494e-12;1.3906932215922254e-08;;;;VERT;True
1784900445.1054232;34.04842278900003;Simulation RF;Détection RF large bande;868 MHz;868 MHz;;2701;2.176941139502939;-43.07764558011756;-76.07764558011756;2.4673766017834783e-11;0.1;2.4673766017834785e-12;3.973722946945752e-09;;;;VERT;True
1784900445.105584;34.04842278900003;Simulation RF;Détection RF large bande;2,45 GHz;2,45 GHz;;3028;2.4405386833929583;-53.62154733571832;-70.32154733571832;9.286354668871012e-11;0.1;9.286354668871013e-12;1.3916218570591126e-08;;;;VERT;True
1784900445.2281983;34.14856564299998;Simulation RF;Détection RF large bande;868 MHz;868 MHz;;2783;2.2423188613749274;-45.692754454997086;-78.69275445499709;1.3512153010338254e-11;0.1;1.3512153010338256e-12;3.975074162246786e-09;;;;VERT;True
1784900445.2417033;34.14856564299998;Simulation RF;Détection RF large bande;2,45 GHz;2,45 GHz;;3047;2.4554060629979166;-54.21624251991666;-70.91624251991666;8.097962252000618e-11;0.1;8.097962252000618e-12;1.3924316532843126e-08;;;;VERT;True
1784900445.3056948;34.24864544299999;Simulation RF;Détection RF large bande;868 MHz;868 MHz;;2731;2.200717957505186;-44.02871830020743;-77.02871830020743;1.9821119048871587e-11;0.1;1.982111904887159e-12;3.977056274151673e-09;;;;VERT;True
1784900445.3058474;34.24864544299999;Simulation RF;Détection RF large bande;2,45 GHz;2,45 GHz;;2995;2.4139439713209514;-52.55775885283805;-69.25775885283805;1.1863808139845354e-10;0.1;1.1863808139845354e-11;1.3936180340982972e-08;;;;ORANGE;True
1784900445.4057364;34.348722225000074;Simulation RF;Détection RF large bande;868 MHz;868 MHz;;2718;2.1906442849302312;-43.62577139720925;-76.62577139720925;2.1748177069117484e-11;0.1;2.1748177069117484e-12;3.979231091858585e-09;;;;VERT;True
1784900445.4058766;34.348722225000074;Simulation RF;Détection RF large bande;2,45 GHz;2,45 GHz;;3005;2.42168289364023;-52.86731574560919;-69.56731574560919;1.1047612313705214e-10;0.1;1.1047612313705214e-11;1.3947227953296677e-08;;;;ORANGE;True
1784900445.5058827;34.44881284000007;Simulation RF;Détection RF large bande;868 MHz;868 MHz;;2673;2.1541947539193327;-42.16779015677331;-75.16779015677331;3.042432728767796e-11;0.1;3.042432728767796e-12;3.982273524587353e-09;;;;VERT;True
1784900445.5060377;34.44881284000007;Simulation RF;Détection RF large bande;2,45 GHz;2,45 GHz;;3025;2.4378408057892305;-53.513632231569204;-70.2136322315692;9.519996239708692e-11;0.1;9.519996239708693e-12;1.3956747949536386e-08;;;;VERT;True
1784900445.6059704;34.548907824000025;Simulation RF;Détection RF large bande;868 MHz;868 MHz;;2694;2.170644064464218;-42.82576257856873;-75.82576257856873;2.6147112901373148e-11;0.1;2.614711290137315e-12;3.9848882358774905e-09;;;;VERT;True
1784900445.6061432;34.548907824000025;Simulation RF;Détection RF large bande;2,45 GHz;2,45 GHz;;2980;2.4014147019750816;-52.05658807900326;-68.75658807900327;1.3315000653792733e-10;0.1;1.3315000653792733e-11;1.3970062950190178e-08;;;;ORANGE;True
1784900445.7060664;34.64899832800006;Simulation RF;Détection RF large bande;868 MHz;868 MHz;;2707;2.1812518766634854;-43.25007506653941;-76.25007506653941;2.3713327175103647e-11;0.1;2.3713327175103647e-12;3.987259568595001e-09;;;;VERT;True
1784900445.7062228;34.64899832800006;Simulation RF;Détection RF large bande;2,45 GHz;2,45 GHz;;3059;2.465039022927803;-54.601560917112124;-71.30156091711213;7.410438515652325e-11;0.1;7.410438515652325e-12;1.397747338870583e-08;;;;VERT;True
1784900445.8061528;34.74908205400004;Simulation RF;Détection RF large bande;868 MHz;868 MHz;;2697;2.1735167216007967;-42.94066886403186;-75.94066886403186;2.5464380412973472e-11;0.1;2.5464380412973474e-12;3.989806006636298e-09;;;;VERT;True
1784900445.8063068;34.74908205400004;Simulation RF;Détection RF large bande;2,45 GHz;2,45 GHz;;3084;2.485301893263651;-55.41207573054602;-72.11207573054602;6.14882916335179e-11;0.1;6.14882916335179e-12;1.3983622217869182e-08;;;;VERT;True
1784900445.9062474;34.849165890999984;Simulation RF;Détection RF large bande;868 MHz;868 MHz;;2667;2.14882837230239;-41.953134892095605;-74.9531348920956;3.196586866568368e-11;0.1;3.196586866568368e-12;3.993002593502867e-09;;;;VERT;True
1784900445.906405;34.849165890999984;Simulation RF;Détection RF large bande;2,45 GHz;2,45 GHz;;3099;2.497261733226614;-55.89046932906456;-72.59046932906456;5.507481754803227e-11;0.1;5.507481754803227e-12;1.3989129699623986e-08;;;;VERT;True
1784900446.0063314;34.949249302;Simulation RF;Détection RF large bande;868 MHz;868 MHz;;2702;2.177049417528011;-43.08197670112044;-76.08197670112044;2.4649171692712216e-11;0.1;2.4649171692712217e-12;3.9954675106721375e-09;;;;VERT;True
1784900446.0064878;34.949249302;Simulation RF;Détection RF large bande;2,45 GHz;2,45 GHz;;3073;2.4767896095072772;-55.071584380291085;-71.77158438029109;6.650304974811608e-11;0.1;6.650304974811608e-12;1.3995780004598798e-08;;;;VERT;True
1784900446.106414;35.04933250900001;Simulation RF;Détection RF large bande;868 MHz;868 MHz;;2697;2.1736105845932885;-42.94442338373153;-75.94442338373153;2.5442375711696346e-11;0.1;2.5442375711696346e-12;3.9980117482433075e-09;;;;VERT;True
1784900446.1065695;35.04933250900001;Simulation RF;Détection RF large bande;2,45 GHz;2,45 GHz;;3058;2.464081972339378;-54.56327889357512;-71.26327889357512;7.476048508457902e-11;0.1;7.476048508457902e-12;1.4003256053107255e-08;;;;VERT;True
1784900446.2064862;35.149417604000064;Simulation RF;Détection RF large bande;868 MHz;868 MHz;;2641;2.1280570666438714;-41.12228266575485;-74.12228266575485;3.870541545411062e-11;0.1;3.870541545411062e-12;4.001882289788719e-09;;;;VERT;True
1784900446.2066438;35.149417604000064;Simulation RF;Détection RF large bande;2,45 GHz;2,45 GHz;;3008;2.424112539964418;-52.96450159857672;-69.66450159857672;1.0803135918186511e-10;0.1;1.0803135918186511e-11;1.4014059189025442e-08;;;;ORANGE;True
1784900446.3065882;35.24949975599998;Simulation RF;Détection RF large bande;868 MHz;868 MHz;;2682;2.1614727640357994;-42.45891056143198;-75.45891056143198;2.8451747371338628e-11;0.1;2.845174737133863e-12;4.0047274645258525e-09;;;;VERT;True
1784900446.3067427;35.24949975599998;Simulation RF;Détection RF large bande;2,45 GHz;2,45 GHz;;3106;2.5026627572026054;-56.106510288104204;-72.8065102881042;5.240213373941386e-11;0.1;5.240213373941386e-12;1.4019299402399384e-08;;;;VERT;True
1784900446.406649;35.349595333000025;Simulation RF;Détection RF large bande;868 MHz;868 MHz;;2678;2.158186414701951;-42.327456588078036;-75.32745658807804;2.9326102028412597e-11;0.1;2.9326102028412597e-12;4.007660074728694e-09;;;;VERT;True
1784900446.4068117;35.349595333000025;Simulation RF;Détection RF large bande;2,45 GHz;2,45 GHz;;3082;2.4838317684696447;-55.35327073878578;-72.05327073878578;6.23265267990604e-11;0.1;6.232652679906041e-12;1.402553205507929e-08;;;;VERT;True
1784900446.5152986;35.44970163100004;Simulation RF;Détection RF large bande;868 MHz;868 MHz;;2624;2.114795972060762;-40.59183888243048;-73.59183888243048;4.373368894949842e-11;0.1;4.373368894949842e-12;4.012033443623643e-09;;;;VERT;True
1784900446.5354614;35.44970163100004;Simulation RF;Détection RF large bande;2,45 GHz;2,45 GHz;;3015;2.4299041962476537;-53.196167849906146;-69.89616784990615;1.0241963293266778e-10;0.1;1.0241963293266778e-11;1.4035774018372556e-08;;;;ORANGE;True
1784900446.6068242;35.54979804200002;Simulation RF;Détection RF large bande;868 MHz;868 MHz;;2623;2.1139132675695023;-40.55653070278008;-73.55653070278008;4.409069348465427e-11;0.1;4.409069348465427e-12;4.016442512972108e-09;;;;VERT;True
1784900446.6069717;35.54979804200002;Simulation RF;Détection RF large bande;2,45 GHz;2,45 GHz;;2994;2.4125612525335924;-52.50245010134368;-69.20245010134369;1.2015863603898907e-10;0.1;1.2015863603898907e-11;1.4047789881976456e-08;;;;ORANGE;True
1784900446.7068863;35.64987302600002;Simulation RF;Détection RF large bande;868 MHz;868 MHz;;2679;2.1588178450860234;-42.352713803440935;-75.35271380344093;2.915604552367363e-11;0.1;2.9156045523673635e-12;4.019358117524476e-09;;;;VERT;True
1784900446.707026;35.64987302600002;Simulation RF;Détection RF large bande;2,45 GHz;2,45 GHz;;3055;2.462160302556546;-54.48641210226184;-71.18641210226184;7.609546754583791e-11;0.1;7.609546754583792e-12;1.405539942873104e-08;;;;VERT;True
1784900446.8069744;35.74994656700005;Simulation RF;Détection RF large bande;868 MHz;868 MHz;;2683;2.1618402071763034;-42.47360828705213;-75.47360828705213;2.8355621544346256e-11;0.1;2.8355621544346256e-12;4.02219367967891e-09;;;;VERT;True
1784900446.8071187;35.74994656700005;Simulation RF;Détection RF large bande;2,45 GHz;2,45 GHz;;3016;2.430103399609802;-53.20413598439207;-69.90413598439207;1.0223189275981528e-10;0.1;1.0223189275981529e-11;1.4065622618007023e-08;;;;ORANGE;True
1784900446.907185;35.85004644000003;Simulation RF;Détection RF large bande;868 MHz;868 MHz;;2659;2.1428637746723473;-41.71455098689388;-74.71455098689388;3.377107624450444e-11;0.1;3.377107624450444e-12;4.025570787303361e-09;;;;VERT;True
1784900446.9073584;35.85004644000003;Simulation RF;Détection RF large bande;2,45 GHz;2,45 GHz;;3006;2.4224738883919463;-52.89895553567784;-69.59895553567785;1.0967419273502375e-10;0.1;1.0967419273502376e-11;1.4076590037280525e-08;;;;ORANGE;True
1784900447.0071604;35.95012766499997;Simulation RF;Détection RF large bande;868 MHz;868 MHz;;2632;2.1209777872800406;-40.83911149120162;-73.83911149120162;4.1313201466504104e-11;0.1;4.13132014665041e-12;4.029702107450012e-09;;;;VERT;True
1784900447.0073116;35.95012766499997;Simulation RF;Détection RF large bande;2,45 GHz;2,45 GHz;;3033;2.4443593294040027;-53.7743731761601;-70.4743731761601;8.965255735137782e-11;0.1;8.965255735137783e-12;1.4085555293015663e-08;;;;VERT;True
1784900447.1072817;36.05021570500003;Simulation RF;Détection RF large bande;868 MHz;868 MHz;;2664;2.1470285978235784;-41.88114391294313;-74.88114391294313;3.250016820685841e-11;0.1;3.2500168206858412e-12;4.032952124270698e-09;;;;VERT;True
1784900447.1074362;36.05021570500003;Simulation RF;Détection RF large bande;2,45 GHz;2,45 GHz;;3060;2.4660063542990485;-54.64025417196193;-71.34025417196193;7.344708818020724e-11;0.1;7.344708818020724e-12;1.4092900001833683e-08;;;;VERT;True
1784900447.207336;36.15029706000007;Simulation RF;Détection RF large bande;868 MHz;868 MHz;;2638;2.1261917073519974;-41.0476682940799;-74.0476682940799;3.937614273062329e-11;0.1;3.937614273062329e-12;4.03688973854376e-09;;;;VERT;True
1784900447.2074857;36.15029706000007;Simulation RF;Détection RF large bande;2,45 GHz;2,45 GHz;;3029;2.441041849022706;-53.641673960908236;-70.34167396090824;9.243418234935206e-11;0.1;9.243418234935207e-12;1.4102143420068618e-08;;;;VERT;True
1784900447.3074358;36.25037897000004;Simulation RF;Détection RF large bande;868 MHz;868 MHz;;2666;2.1480696587666266;-41.92278635066506;-74.92278635066506;3.219002877702885e-11;0.1;3.2190028777028853e-12;4.040108741421463e-09;;;;VERT;True
1784900447.3075924;36.25037897000004;Simulation RF;Détection RF large bande;2,45 GHz;2,45 GHz;;3080;2.481997773284857;-55.27991093139427;-71.97991093139427;6.338827113001455e-11;0.1;6.338827113001455e-12;1.4108482247181619e-08;;;;VERT;True
1784900447.407604;36.35048547200006;Simulation RF;Détection RF large bande;868 MHz;868 MHz;;2659;2.1424845314550502;-41.69938125820201;-74.69938125820201;3.3889243489632045e-11;0.1;3.3889243489632048e-12;4.043497665770426e-09;;;;VERT;True
1784900447.4077835;36.35048547200006;Simulation RF;Détection RF large bande;2,45 GHz;2,45 GHz;;3092;2.4919924487558878;-55.67969795023551;-72.37969795023551;5.781362551114439e-11;0.1;5.78136255111444e-12;1.4114263609732734e-08;;;;VERT;True
1784900447.6766055;36.466701340999975;Simulation RF;Détection RF large bande;868 MHz;868 MHz;;2625;2.1154040828261147;-40.61616331304458;-73.61616331304458;4.348942530665796e-11;0.1;4.348942530665796e-12;4.047846608301092e-09;;;;VERT;True
1784900447.911483;36.466701340999975;Simulation RF;Détection RF large bande;2,45 GHz;2,45 GHz;;3134;2.5253566289945013;-57.01426515978004;-73.71426515978004;4.2518064264966106e-11;0.1;4.251806426496611e-12;1.4118515416159231e-08;;;;VERT;True
1784900447.9162924;36.859230466999975;Simulation RF;Détection RF large bande;868 MHz;868 MHz;;2571;2.0716203334078114;-38.86481333631245;-71.86481333631245;6.509065867916896e-11;0.1;6.509065867916896e-12;4.0543556741690085e-09;;;;VERT;True
1784900447.9164872;36.859230466999975;Simulation RF;Détection RF large bande;2,45 GHz;2,45 GHz;;3091;2.4906230708834105;-55.62492283533642;-72.32492283533642;5.854741388275139e-11;0.1;5.8547413882751395e-12;1.4124370157547506e-08;;;;VERT;True
1784900448.0163236;36.95931246800001;Simulation RF;Détection RF large bande;868 MHz;868 MHz;;2574;2.074169624480645;-38.96678497922579;-71.96678497922579;6.358014325076155e-11;0.1;6.358014325076155e-12;4.0607136884940844e-09;;;;VERT;True
1784900448.016466;36.95931246800001;Simulation RF;Détection RF large bande;2,45 GHz;2,45 GHz;;3071;2.474976100399502;-54.999044015980076;-71.69904401598008;6.762318134934011e-11;0.1;6.762318134934012e-12;1.413113247568244e-08;;;;VERT;True
1784900448.1168413;37.059406841000055;Simulation RF;Détection RF large bande;868 MHz;868 MHz;;2601;2.096177443580283;-39.84709774321132;-72.84709774321132;5.1914685294878516e-11;0.1;5.191468529487852e-12;4.0659051570235726e-09;;;;VERT;True
1784900448.1181827;37.059406841000055;Simulation RF;Détection RF large bande;2,45 GHz;2,45 GHz;;2951;2.3782871202916027;-51.13148481166411;-67.83148481166411;1.6475989967429756e-10;0.1;1.6475989967429756e-11;1.414760846564987e-08;;;;ORANGE;True
1784900448.2164733;37.15947710299997;Simulation RF;Détection RF large bande;868 MHz;868 MHz;;2591;2.088295121647795;-39.531804865911795;-72.5318048659118;5.58238150711279e-11;0.1;5.58238150711279e-12;4.0714875385306855e-09;;;;VERT;True
1784900448.2165995;37.15947710299997;Simulation RF;Détection RF large bande;2,45 GHz;2,45 GHz;;3092;2.4915180171359728;-55.6607206854389;-72.3607206854389;5.80668051172968e-11;0.1;5.80668051172968e-12;1.4153415146161601e-08;;;;VERT;True
1784900448.316538;37.259543439000026;Simulation RF;Détection RF large bande;868 MHz;868 MHz;;2662;2.1451548604206336;-41.806194416825335;-74.80619441682533;3.3065916013710476e-11;0.1;3.306591601371048e-12;4.074794130132056e-09;;;;VERT;True
1784900448.3166687;37.259543439000026;Simulation RF;Détection RF large bande;2,45 GHz;2,45 GHz;;3028;2.4398189281399696;-53.59275712559878;-70.29275712559878;9.34812018791777e-11;0.1;9.348120187917771e-12;1.4162763266349518e-08;;;;VERT;True
1784900448.416882;37.35962392300007;Simulation RF;Détection RF large bande;868 MHz;868 MHz;;2588;2.085291606485759;-39.41166425943037;-72.41166425943037;5.738964972468927e-11;0.1;5.738964972468927e-12;4.0805330951045254e-09;;;;VERT;True
1784900448.417149;37.35962392300007;Simulation RF;Détection RF large bande;2,45 GHz;2,45 GHz;;3054;2.4608351098940067;-54.43340439576026;-71.13340439576027;7.702994014941304e-11;0.1;7.702994014941303e-12;1.417046626036446e-08;;;;VERT;True
1784900448.516731;37.45969809300004;Simulation RF;Détection RF large bande;868 MHz;868 MHz;;2615;2.1075254621532484;-40.301018486129934;-73.30101848612993;4.6762546319577764e-11;0.1;4.676254631957777e-12;4.085209349736483e-09;;;;VERT;True
1784900448.5168753;37.45969809300004;Simulation RF;Détection RF large bande;2,45 GHz;2,45 GHz;;2983;2.4041756589096526;-52.1670263563861;-68.8670263563861;1.2980677625245763e-10;0.1;1.2980677625245764e-11;1.4183446937989706e-08;;;;ORANGE;True
1784900448.6167767;37.559769929000026;Simulation RF;Détection RF large bande;868 MHz;868 MHz;;2536;2.043629430327565;-37.74517721310259;-70.7451772131026;8.423300196082371e-11;0.1;8.423300196082371e-12;4.0936326499325654e-09;;;;VERT;True
1784900448.6169124;37.559769929000026;Simulation RF;Détection RF large bande;2,45 GHz;2,45 GHz;;3027;2.439641818706759;-53.58567274827034;-70.28567274827034;9.363381642469626e-11;0.1;9.363381642469627e-12;1.4192810319632176e-08;;;;VERT;True
1784900448.7168787;37.65984352500004;Simulation RF;Détection RF large bande;868 MHz;868 MHz;;2604;2.098689522753305;-39.94758091013219;-72.94758091013219;5.072731888904763e-11;0.1;5.072731888904763e-12;4.09870538182147e-09;;;;VERT;True
1784900448.7170262;37.65984352500004;Simulation RF;Détection RF large bande;2,45 GHz;2,45 GHz;;2978;2.3995706122989504;-51.98282449195801;-68.68282449195802;1.3543083334239097e-10;0.1;1.3543083334239098e-11;1.4206353402966415e-08;;;;ORANGE;True
1784900448.8169334;37.759918861000074;Simulation RF;Détection RF large bande;868 MHz;868 MHz;;2658;2.1417472035897553;-41.669888143590214;-74.66988814359021;3.412016994622566e-11;0.1;3.4120169946225664e-12;4.102117398816092e-09;;;;VERT;True
1784900448.8170762;37.759918861000074;Simulation RF;Détection RF large bande;2,45 GHz;2,45 GHz;;3027;2.439456344688616;-53.57825378754464;-70.27825378754464;9.379390579145305e-11;0.1;9.379390579145305e-12;1.421573279354556e-08;;;;VERT;True
1784900448.9169977;37.85999067900002;Simulation RF;Détection RF large bande;868 MHz;868 MHz;;2498;2.013106809562526;-36.52427238250104;-69.52427238250104;1.1157650711067663e-10;0.1;1.1157650711067665e-11;4.11327504952716e-09;;;;ORANGE;True
1784900448.9171343;37.85999067900002;Simulation RF;Détection RF large bande;2,45 GHz;2,45 GHz;;3005;2.4218620458078464;-52.87448183231385;-69.57448183231385;1.1029398205276973e-10;0.1;1.1029398205276974e-11;1.4226762191750836e-08;;;;ORANGE;True
1784900449.0171309;37.96006923699997;Simulation RF;Détection RF large bande;868 MHz;868 MHz;;2584;2.0825794499865706;-39.30317799946282;-72.30317799946282;5.884129199038719e-11;0.1;5.884129199038719e-12;4.119159178726198e-09;;;;VERT;True
1784900449.0172794;37.96006923699997;Simulation RF;Détection RF large bande;2,45 GHz;2,45 GHz;;2999;2.4170918421199237;-52.68367368479694;-69.38367368479695;1.1524779675131136e-10;0.1;1.1524779675131137e-11;1.4238286971425968e-08;;;;ORANGE;True
1784900449.1171489;38.06014088799998;Simulation RF;Détection RF large bande;868 MHz;868 MHz;;2659;2.1427270639601086;-41.70908255840435;-74.70908255840435;3.381362595184789e-11;0.1;3.381362595184789e-12;4.122540541321383e-09;;;;VERT;True
1784900449.1172855;38.06014088799998;Simulation RF;Détection RF large bande;2,45 GHz;2,45 GHz;;3048;2.4565034819288885;-54.26013927715553;-70.96013927715553;8.016523541846813e-11;0.1;8.016523541846813e-12;1.4246303494967815e-08;;;;VERT;True
1784900449.2172453;38.16021426100008;Simulation RF;Détection RF large bande;868 MHz;868 MHz;;2547;2.0523118185516522;-38.09247274206608;-71.09247274206608;7.775936865337976e-11;0.1;7.775936865337977e-12;4.130316478186721e-09;;;;VERT;True
1784900449.2173934;38.16021426100008;Simulation RF;Détection RF large bande;2,45 GHz;2,45 GHz;;3026;2.43868626661744;-53.54745066469758;-70.24745066469758;9.44615208505207e-11;0.1;9.446152085052071e-12;1.4255749647052867e-08;;;;VERT;True
1784900449.3172967;38.26028450500007;Simulation RF;Détection RF large bande;868 MHz;868 MHz;;2586;2.084174625117221;-39.36698500468884;-72.36698500468884;5.798310919017818e-11;0.1;5.798310919017819e-12;4.1361147891057385e-09;;;;VERT;True
1784900449.3174322;38.26028450500007;Simulation RF;Détection RF large bande;2,45 GHz;2,45 GHz;;3096;2.4952020602110485;-55.80808240844193;-72.50808240844194;5.6129575684965044e-11;0.1;5.612957568496505e-12;1.4261362604621363e-08;;;;VERT;True
1784900449.4176357;38.360395025;Simulation RF;Détection RF large bande;868 MHz;868 MHz;;2489;2.0058155550080836;-36.23262220032335;-69.23262220032335;1.1932674112185827e-10;0.1;1.1932674112185828e-11;4.148047463217925e-09;;;;ORANGE;True
1784900449.4178529;38.360395025;Simulation RF;Détection RF large bande;2,45 GHz;2,45 GHz;;3087;2.4875651076005334;-55.50260430402133;-72.20260430402134;6.021983616051793e-11;0.1;6.021983616051794e-12;1.4267384588237415e-08;;;;VERT;True
1784900449.5174854;38.46046965800008;Simulation RF;Détection RF large bande;868 MHz;868 MHz;;2515;2.0263605943476266;-37.05442377390506;-70.05442377390506;9.875466556946916e-11;0.1;9.875466556946917e-12;4.157922929774872e-09;;;;VERT;True
1784900449.517648;38.46046965800008;Simulation RF;Détection RF large bande;2,45 GHz;2,45 GHz;;3022;2.4351232839777435;-53.404931359109725;-70.10493135910973;9.761282101601663e-11;0.1;9.761282101601663e-12;1.4277145870339017e-08;;;;VERT;True
1784900449.6175866;38.560549734999995;Simulation RF;Détection RF large bande;868 MHz;868 MHz;;2562;2.064844523575166;-38.593780943006635;-71.59378094300664;6.928223761714688e-11;0.1;6.928223761714688e-12;4.164851153536586e-09;;;;VERT;True
1784900449.617759;38.560549734999995;Simulation RF;Détection RF large bande;2,45 GHz;2,45 GHz;;3070;2.4739059428292207;-54.95623771316882;-71.65623771316882;6.829300592803964e-11;0.1;6.829300592803964e-12;1.428397517093182e-08;;;;VERT;True
1784900449.7176669;38.66061860800005;Simulation RF;Détection RF large bande;868 MHz;868 MHz;;2507;2.0201403320508216;-36.805613282032866;-69.80561328203287;1.0457760024437332e-10;0.1;1.0457760024437333e-11;4.175308913561023e-09;;;;ORANGE;True
1784900449.717812;38.66061860800005;Simulation RF;Détection RF large bande;2,45 GHz;2,45 GHz;;3049;2.4570905747600604;-54.28362299040241;-70.98362299040241;7.973292582504554e-11;0.1;7.973292582504553e-12;1.4291948463514325e-08;;;;VERT;True
1784900449.8178558;38.76072031399997;Simulation RF;Détection RF large bande;868 MHz;868 MHz;;2557;2.060762301884823;-38.43049207539292;-71.43049207539292;7.193674657815025e-11;0.1;7.1936746578150246e-12;4.182502588218838e-09;;;;VERT;True
1784900449.818144;38.76072031399997;Simulation RF;Détection RF large bande;2,45 GHz;2,45 GHz;;3063;2.4686837764679193;-54.74735105871676;-71.44735105871676;7.165803488747318e-11;0.1;7.165803488747318e-12;1.4299114267003073e-08;;;;VERT;True
1784900449.9179816;38.860825964000014;Simulation RF;Détection RF large bande;868 MHz;868 MHz;;2524;2.034268419392568;-37.370736775702724;-70.37073677570272;9.181768156061115e-11;0.1;9.181768156061116e-12;4.1916843563749e-09;;;;VERT;True
1784900449.9182627;38.860825964000014;Simulation RF;Détection RF large bande;2,45 GHz;2,45 GHz;;3030;2.4421413938869625;-53.68565575547849;-70.3856557554785;9.150280857589073e-11;0.1;9.150280857589073e-12;1.4308264547860662e-08;;;;VERT;True
1784900450.0180998;38.96096568600001;Simulation RF;Détection RF large bande;868 MHz;868 MHz;;2484;2.0015163865714247;-36.060655462856985;-69.06065546285699;1.2414649242408195e-10;0.1;1.2414649242408195e-11;4.2040990056173075e-09;;;;ORANGE;True
1784900450.0183895;38.96096568600001;Simulation RF;Détection RF large bande;2,45 GHz;2,45 GHz;;3079;2.4812332214363;-55.249328857451985;-71.94932885745199;6.383621286787691e-11;0.1;6.383621286787691e-12;1.431464816914745e-08;;;;VERT;True
1784900450.1182263;39.06112148300008;Simulation RF;Détection RF large bande;868 MHz;868 MHz;;2480;1.998199075996487;-35.92796303985948;-68.92796303985948;1.279981509796649e-10;0.1;1.279981509796649e-11;4.216898820715274e-09;;;;ORANGE;True
1784900450.1184978;39.06112148300008;Simulation RF;Détection RF large bande;2,45 GHz;2,45 GHz;;3032;2.4429774692076336;-53.719098768305344;-70.41909876830535;9.080089372533924e-11;0.1;9.080089372533924e-12;1.4323728258519983e-08;;;;VERT;True
1784900450.218523;39.16131037100001;Simulation RF;Détection RF large bande;868 MHz;868 MHz;;2507;2.019948064595038;-36.79792258380152;-69.79792258380152;1.0476295542243494e-10;0.1;1.0476295542243495e-11;4.227375116257518e-09;;;;ORANGE;True
1784900450.2188766;39.16131037100001;Simulation RF;Détection RF large bande;2,45 GHz;2,45 GHz;;3114;2.509145229239241;-56.36580916956963;-73.06580916956963;4.9364993372409945e-11;0.1;4.936499337240995e-12;1.4328664757857225e-08;;;;VERT;True
1784900450.3186176;39.26144922399999;Simulation RF;Détection RF large bande;868 MHz;868 MHz;;2551;2.055438836024904;-38.217553440996156;-71.21755344099616;7.55517721936e-11;0.1;7.55517721936e-12;4.234930293476878e-09;;;;VERT;True
1784900450.3189127;39.26144922399999;Simulation RF;Détection RF large bande;2,45 GHz;2,45 GHz;;3105;2.502394123830971;-56.09576495323884;-72.79576495323884;5.253194787677124e-11;0.1;5.253194787677124e-12;1.4333917952644902e-08;;;;VERT;True
1784900450.4188204;39.36156237400007;Simulation RF;Détection RF large bande;868 MHz;868 MHz;;2554;2.0584551379061704;-38.338205516246816;-71.33820551624682;7.348174284384604e-11;0.1;7.348174284384604e-12;4.242278467761263e-09;;;;VERT;True
1784900450.4191191;39.36156237400007;Simulation RF;Détection RF large bande;2,45 GHz;2,45 GHz;;3058;2.4644810432028517;-54.579241728114056;-71.27924172811406;7.448620143839342e-11;0.1;7.448620143839342e-12;1.4341366572788743e-08;;;;VERT;True
1784900450.519754;39.46192597800007;Simulation RF;Détection RF large bande;868 MHz;868 MHz;;2566;2.067592394140648;-38.70369576562592;-71.70369576562592;6.75507886028353e-11;0.1;6.755078860283531e-12;4.249033546621547e-09;;;;VERT;True
1784900450.5204756;39.46192597800007;Simulation RF;Détection RF large bande;2,45 GHz;2,45 GHz;;3067;2.4714606662422156;-54.858426649688624;-71.55842664968863;6.984854036506443e-11;0.1;6.984854036506444e-12;1.4348351426825249e-08;;;;VERT;True
1784900450.6190374;39.56202103600003;Simulation RF;Détection RF large bande;868 MHz;868 MHz;;2559;2.062249618130451;-38.48998472521802;-71.48998472521802;7.095802636581803e-11;0.1;7.095802636581804e-12;4.256129349258128e-09;;;;VERT;True
1784900450.6191804;39.56202103600003;Simulation RF;Détection RF large bande;2,45 GHz;2,45 GHz;;3053;2.4600172372580875;-54.40068949032349;-71.10068949032349;7.761238886314507e-11;0.1;7.761238886314507e-12;1.4356112665711563e-08;;;;VERT;True
1784900450.7191768;39.662109482999995;Simulation RF;Détection RF large bande;868 MHz;868 MHz;;2464;1.985546822406623;-35.421872896264915;-68.42187289626492;1.4381782297067758e-10;0.1;1.4381782297067759e-11;4.270511131555196e-09;;;;ORANGE;True
1784900450.719387;39.662109482999995;Simulation RF;Détection RF large bande;2,45 GHz;2,45 GHz;;3065;2.47034790912033;-54.813916364813196;-71.5139163648132;7.056809009180727e-11;0.1;7.056809009180727e-12;1.4363169474720744e-08;;;;VERT;True
1784900450.8192675;39.76219576300002;Simulation RF;Détection RF large bande;868 MHz;868 MHz;;2544;2.0502876717095755;-38.01150686838302;-71.01150686838302;7.922264045724532e-11;0.1;7.922264045724531e-12;4.278433395600921e-09;;;;VERT;True
1784900450.8194232;39.76219576300002;Simulation RF;Détection RF large bande;2,45 GHz;2,45 GHz;;3063;2.468566780950842;-54.742671238033665;-71.44267123803367;7.173529294904854e-11;0.1;7.173529294904854e-12;1.4370343004015648e-08;;;;VERT;True
1784900450.919323;39.862281377000045;Simulation RF;Détection RF large bande;868 MHz;868 MHz;;2505;2.0188239200381317;-36.75295680152527;-69.75295680152527;1.0585328002694567e-10;0.1;1.0585328002694568e-11;4.289018723603615e-09;;;;ORANGE;True
1784900450.9194734;39.862281377000045;Simulation RF;Détection RF large bande;2,45 GHz;2,45 GHz;;3000;2.41765083716678;-52.70603348667119;-69.40603348667119;1.1465596431887533e-10;0.1;1.1465596431887533e-11;1.4381808600447536e-08;;;;ORANGE;True
1784900451.0193744;39.96236349100002;Simulation RF;Détection RF large bande;868 MHz;868 MHz;;2437;1.9637646816886036;-34.550587267544145;-67.55058726754415;1.757685917711246e-10;0.1;1.757685917711246e-11;4.306595582780728e-09;;;;ORANGE;True
1784900451.019511;39.96236349100002;Simulation RF;Détection RF large bande;2,45 GHz;2,45 GHz;;3100;2.4978047307980753;-55.91218923192301;-72.61218923192301;5.4800065402938837e-11;0.1;5.480006540293884e-12;1.438728860698783e-08;;;;VERT;True
1784900451.146064;40.06249397400006;Simulation RF;Détection RF large bande;868 MHz;868 MHz;;2463;1.9852124619006688;-35.40849847602675;-68.40849847602675;1.4426140327727564e-10;0.1;1.4426140327727565e-11;4.321021723108456e-09;;;;ORANGE;True
1784900451.1504571;40.06249397400006;Simulation RF;Détection RF large bande;2,45 GHz;2,45 GHz;;3034;2.445110065480216;-53.80440261920863;-70.50440261920863;8.903478987311764e-11;0.1;8.903478987311765e-12;1.4396192085975141e-08;;;;VERT;True
1784900451.2196198;40.16257788400003;Simulation RF;Détection RF large bande;868 MHz;868 MHz;;2522;2.0327137132825723;-37.30854853130289;-70.30854853130289;9.314191158488265e-11;0.1;9.314191158488265e-12;4.330335914266944e-09;;;;VERT;True
1784900451.2197733;40.16257788400003;Simulation RF;Détection RF large bande;2,45 GHz;2,45 GHz;;3060;2.466098316426323;-54.643932657052915;-71.34393265705292;7.338490465189547e-11;0.1;7.338490465189547e-12;1.4403530576440332e-08;;;;VERT;True
1784900451.3196669;40.26265253500003;Simulation RF;Détection RF large bande;868 MHz;868 MHz;;2437;1.96380280112192;-34.55211204487679;-67.5521120448768;1.7570689148863412e-10;0.1;1.7570689148863414e-11;4.347906603415808e-09;;;;ORANGE;True
1784900451.3198028;40.26265253500003;Simulation RF;Détection RF large bande;2,45 GHz;2,45 GHz;;3054;2.4610664138312917;-54.44265655325165;-71.14265655325165;7.686601116807843e-11;0.1;7.686601116807844e-12;1.441121717755714e-08;;;;VERT;True
1784900451.4198105;40.36274042700006;Simulation RF;Détection RF large bande;868 MHz;868 MHz;;2532;2.0408084277845893;-37.63233711138356;-70.63233711138356;8.645025703498507e-11;0.1;8.645025703498507e-12;4.356551629119306e-09;;;;VERT;True
1784900451.4199674;40.36274042700006;Simulation RF;Détection RF large bande;2,45 GHz;2,45 GHz;;3010;2.425597523747665;-53.02390094990659;-69.7239009499066;1.0656385060339538e-10;0.1;1.0656385060339539e-11;1.4421873562617479e-08;;;;ORANGE;True
1784900451.5199096;40.462830429000064;Simulation RF;Détection RF large bande;868 MHz;868 MHz;;2421;1.9509357627828672;-34.03743051131468;-67.03743051131468;1.9781396536287813e-10;0.1;1.9781396536287816e-11;4.376333025655594e-09;;;;ORANGE;True
1784900451.520067;40.462830429000064;Simulation RF;Détection RF large bande;2,45 GHz;2,45 GHz;;3014;2.4291034607521986;-53.164138430087945;-69.86413843008795;1.0317777471314164e-10;0.1;1.0317777471314164e-11;1.4432191340088793e-08;;;;ORANGE;True
1784900451.6199765;40.562911042999986;Simulation RF;Détection RF large bande;868 MHz;868 MHz;;2409;1.9411194011763506;-33.64477604705402;-66.64477604705402;2.1653215357194475e-10;0.1;2.1653215357194475e-11;4.397986241012788e-09;;;;ORANGE;True
1784900451.62013;40.562911042999986;Simulation RF;Détection RF large bande;2,45 GHz;2,45 GHz;;2960;2.385633403342815;-51.42533613371259;-68.1253361337126;1.5398073439811825e-10;0.1;1.5398073439811824e-11;1.4447589413528605e-08;;;;ORANGE;True
1784900451.7200718;40.66299432400001;Simulation RF;Détection RF large bande;868 MHz;868 MHz;;2420;1.949917330072422;-33.99669320289688;-66.99669320289688;1.9967821224835478e-10;0.1;1.996782122483548e-11;4.417954062237624e-09;;;;ORANGE;True
1784900451.7202287;40.66299432400001;Simulation RF;Détection RF large bande;2,45 GHz;2,45 GHz;;3008;2.42375322263957;-52.95012890558279;-69.65012890558279;1.0838947418056263e-10;0.1;1.0838947418056264e-11;1.4458428360946661e-08;;;;ORANGE;True
1784900451.8200886;40.76306793800006;Simulation RF;Détection RF large bande;868 MHz;868 MHz;;2472;1.9923549568013712;-35.69419827205485;-68.69419827205485;1.3507661625973965e-10;0.1;1.3507661625973965e-11;4.431461723863598e-09;;;;ORANGE;True
1784900451.8202276;40.76306793800006;Simulation RF;Détection RF large bande;2,45 GHz;2,45 GHz;;3016;2.430807515331589;-53.23230061326356;-69.93230061326356;1.0157104921408308e-10;0.1;1.0157104921408308e-11;1.446858546586807e-08;;;;ORANGE;True
1784900451.9201615;40.86314857100001;Simulation RF;Détection RF large bande;868 MHz;868 MHz;;2440;1.9659450909253906;-34.63780363701562;-67.63780363701562;1.7227395979946836e-10;0.1;1.7227395979946836e-11;4.448689119843545e-09;;;;ORANGE;True
1784900451.9203024;40.86314857100001;Simulation RF;Détection RF large bande;2,45 GHz;2,45 GHz;;3067;2.4713095892503256;-54.85238357001302;-71.55238357001302;6.994580020108988e-11;0.1;6.9945800201089875e-12;1.4475580045888179e-08;;;;VERT;True
1784900452.02031;40.96323546000008;Simulation RF;Détection RF large bande;868 MHz;868 MHz;;2412;1.9439578535897954;-33.75831414359182;-66.75831414359182;2.1094468419685667e-10;0.1;2.1094468419685667e-11;4.46978358826323e-09;;;;ORANGE;True
1784900452.020465;40.96323546000008;Simulation RF;Détection RF large bande;2,45 GHz;2,45 GHz;;3030;2.4416191273906063;-53.66476509562425;-70.36476509562425;9.194402048133188e-11;0.1;9.194402048133188e-12;1.4484774447936312e-08;;;;VERT;True
1784900452.1203973;41.06332438900006;Simulation RF;Détection RF large bande;868 MHz;868 MHz;;2454;1.9775295944427478;-35.101183777709906;-68.1011837777099;1.5483945079227156e-10;0.1;1.5483945079227156e-11;4.485267533342458e-09;;;;ORANGE;True
1784900452.1205537;41.06332438900006;Simulation RF;Détection RF large bande;2,45 GHz;2,45 GHz;;3125;2.5180246054953663;-56.72098421981464;-73.42098421981464;4.548849601696325e-11;0.1;4.548849601696326e-12;1.4489323297538008e-08;;;;VERT;True
1784900452.2204316;41.16341127999999;Simulation RF;Détection RF large bande;868 MHz;868 MHz;;2517;2.0285691932067462;-37.142767728269845;-70.14276772826985;9.67660976162937e-11;0.1;9.676609761629371e-12;4.4949441431040875e-09;;;;VERT;True
1784900452.2205772;41.16341127999999;Simulation RF;Détection RF large bande;2,45 GHz;2,45 GHz;;3013;2.4280331698680078;-53.121326794720304;-69.8213267947203;1.0419990440365796e-10;0.1;1.0419990440365796e-11;1.4499743287978374e-08;;;;ORANGE;True
1784900452.3205166;41.263490413;Simulation RF;Détection RF large bande;868 MHz;868 MHz;;2501;2.015266357865148;-36.610654314605924;-69.61065431460592;1.0937915615738734e-10;0.1;1.0937915615738735e-11;4.5058820587198266e-09;;;;ORANGE;True
1784900452.3206625;41.263490413;Simulation RF;Détection RF large bande;2,45 GHz;2,45 GHz;;3016;2.43054683378261;-53.221873351304396;-69.9218733513044;1.0181521082353148e-10;0.1;1.0181521082353148e-11;1.4509924809060728e-08;;;;ORANGE;True
1784900452.433503;41.363682580000045;Simulation RF;Détection RF large bande;868 MHz;868 MHz;;2504;2.0177373449324847;-36.70949379729939;-69.70949379729939;1.0691794928267379e-10;0.1;1.069179492826738e-11;4.516573853648094e-09;;;;ORANGE;True
1784900452.4337409;41.363682580000045;Simulation RF;Détection RF large bande;2,45 GHz;2,45 GHz;;2991;2.4106515785893974;-52.42606314357589;-69.12606314357589;1.2229077172189795e-10;0.1;1.2229077172189797e-11;1.4522153886232917e-08;;;;ORANGE;True
1784900452.5208583;41.46377600900007;Simulation RF;Détection RF large bande;868 MHz;868 MHz;;2416;1.9472044025282746;-33.88817610113098;-66.88817610113098;2.0473042589605387e-10;0.1;2.047304258960539e-11;4.537046896237699e-09;;;;ORANGE;True
1784900452.5210145;41.46377600900007;Simulation RF;Détection RF large bande;2,45 GHz;2,45 GHz;;3039;2.448890078032729;-53.95560312130915;-70.65560312130916;8.598836432758693e-11;0.1;8.598836432758693e-12;1.4530752722665675e-08;;;;VERT;True
1784900452.620904;41.563859622999985;Simulation RF;Détection RF large bande;868 MHz;868 MHz;;2385;1.9223048103556424;-32.89219241422569;-65.89219241422569;2.5750209015490383e-10;0.1;2.5750209015490385e-11;4.56279710525319e-09;;;;ORANGE;True
1784900452.6210575;41.563859622999985;Simulation RF;Détection RF large bande;2,45 GHz;2,45 GHz;;3025;2.437464130699471;-53.49856522797883;-70.19856522797883;9.553081375791352e-11;0.1;9.553081375791353e-12;1.4540305804041467e-08;;;;VERT;True
1784900452.7210295;41.66394616299999;Simulation RF;Détection RF large bande;868 MHz;868 MHz;;2423;1.9523340648797427;-34.0933625951897;-67.0933625951897;1.9528268625283691e-10;0.1;1.952826862528369e-11;4.582325373878474e-09;;;;ORANGE;True
1784900452.7211864;41.66394616299999;Simulation RF;Détection RF large bande;2,45 GHz;2,45 GHz;;3002;2.4191269881753295;-52.76507952701317;-69.46507952701317;1.1310766771264044e-10;0.1;1.1310766771264044e-11;1.455161657081273e-08;;;;ORANGE;True
1784900452.8212183;41.76403238800003;Simulation RF;Détection RF large bande;868 MHz;868 MHz;;2443;1.9687067000996468;-34.74826800398587;-67.74826800398587;1.6794736701369965e-10;0.1;1.6794736701369965e-11;4.599120110579844e-09;;;;ORANGE;True
1784900452.8214173;41.76403238800003;Simulation RF;Détection RF large bande;2,45 GHz;2,45 GHz;;3029;2.4411435785186195;-53.64574314074477;-70.34574314074477;9.234761547569935e-11;0.1;9.234761547569936e-12;1.4560851332360301e-08;;;;VERT;True
1784900452.921179;41.86411926200003;Simulation RF;Détection RF large bande;868 MHz;868 MHz;;2439;1.965816133505506;-34.632645340220236;-67.63264534022024;1.7247869833480447e-10;0.1;1.724786983348045e-11;4.616367980413325e-09;;;;ORANGE;True
1784900452.9213326;41.86411926200003;Simulation RF;Détection RF large bande;2,45 GHz;2,45 GHz;;3024;2.436575127254241;-53.46300509016963;-70.16300509016963;9.631623351442124e-11;0.1;9.631623351442125e-12;1.4570482955711743e-08;;;;VERT;True
1784900453.0212495;41.96420550300002;Simulation RF;Détection RF large bande;868 MHz;868 MHz;;2413;1.9448174022765152;-33.792696091060606;-66.7926960910606;2.092812838659583e-10;0.1;2.092812838659583e-11;4.637296108799921e-09;;;;ORANGE;True
1784900453.021403;41.96420550300002;Simulation RF;Détection RF large bande;2,45 GHz;2,45 GHz;;3025;2.437517666526414;-53.50070666105657;-70.20070666105657;9.548372073103455e-11;0.1;9.548372073103456e-12;1.4580031327784847e-08;;;;VERT;True
1784900453.1213863;42.06429404300002;Simulation RF;Détection RF large bande;868 MHz;868 MHz;;2369;1.9091242154462744;-32.36496861785098;-65.36496861785098;2.907388968180929e-10;0.1;2.9073889681809293e-11;4.6663699984817305e-09;;;;ORANGE;True
1784900453.1215632;42.06429404300002;Simulation RF;Détection RF large bande;2,45 GHz;2,45 GHz;;3005;2.421618203394759;-52.864728135790344;-69.56472813579035;1.1054196654353224e-10;0.1;1.1054196654353225e-11;1.45910855244392e-08;;;;ORANGE;True
1784900453.3103194;42.18532986900004;Simulation RF;Détection RF large bande;868 MHz;868 MHz;;2418;1.9485367488564311;-33.941469954257244;-66.94146995425724;2.0223345643039754e-10;0.1;2.0223345643039756e-11;4.6865933441247705e-09;;;;ORANGE;True
1784900453.3105454;42.18532986900004;Simulation RF;Détection RF large bande;2,45 GHz;2,45 GHz;;3027;2.439568798739131;-53.58275194956522;-70.28275194956522;9.369680997552352e-11;0.1;9.369680997552352e-12;1.4600455205436753e-08;;;;VERT;True
1784900453.5102115;42.453141706999986;Simulation RF;Détection RF large bande;868 MHz;868 MHz;;2401;1.935165540524815;-33.406621620992595;-66.4066216209926;2.2873774635802394e-10;0.1;2.2873774635802395e-11;4.709467118760573e-09;;;;ORANGE;True
1784900453.5103965;42.453141706999986;Simulation RF;Détection RF large bande;2,45 GHz;2,45 GHz;;3056;2.462649116952084;-54.505964678083345;-71.20596467808335;7.5753644613747e-11;0.1;7.5753644613747e-12;1.4608030569898127e-08;;;;VERT;True
1784900453.612044;42.553227692000064;Simulation RF;Détection RF large bande;868 MHz;868 MHz;;2364;1.9049504027822104;-32.19801611128841;-65.19801611128841;3.021331571403713e-10;0.1;3.0213315714037135e-11;4.73968043447461e-09;;;;ORANGE;True
1784900453.612175;42.553227692000064;Simulation RF;Détection RF large bande;2,45 GHz;2,45 GHz;;3040;2.4496448817545904;-53.985795270183615;-70.68579527018362;8.539264640276049e-11;0.1;8.539264640276048e-12;1.4616569834538403e-08;;;;VERT;True
1784900453.710284;42.65329249299998;Simulation RF;Détection RF large bande;868 MHz;868 MHz;;2438;1.9645156314184202;-34.58062525673681;-67.58062525673681;1.745570823803194e-10;0.1;1.745570823803194e-11;4.757136142712643e-09;;;;ORANGE;True
1784900453.7104127;42.65329249299998;Simulation RF;Détection RF large bande;2,45 GHz;2,45 GHz;;2991;2.410166499795614;-52.406659991824554;-69.10665999182456;1.228383575167838e-10;0.1;1.228383575167838e-11;1.4628853670290082e-08;;;;ORANGE;True
1784900453.8103843;42.75336662699999;Simulation RF;Détection RF large bande;868 MHz;868 MHz;;2381;1.9183922773787287;-32.73569109514915;-65.73569109514915;2.6695059334108877e-10;0.1;2.669505933410888e-11;4.783831202046752e-09;;;;ORANGE;True
1784900453.8105266;42.75336662699999;Simulation RF;Détection RF large bande;2,45 GHz;2,45 GHz;;3025;2.4378891538115015;-53.51556615246005;-70.21556615246006;9.51575791254203e-11;0.1;9.515757912542031e-12;1.4638369428202624e-08;;;;VERT;True
1784900453.9104195;42.85343370500004;Simulation RF;Détection RF large bande;868 MHz;868 MHz;;2361;1.9029740403102737;-32.11896161241094;-65.11896161241094;3.076832389973455e-10;0.1;3.076832389973455e-11;4.814599525946486e-09;;;;ORANGE;True
1784900453.910548;42.85343370500004;Simulation RF;Détection RF large bande;2,45 GHz;2,45 GHz;;3040;2.450118499117767;-54.004739964710666;-70.70473996471067;8.502095982505817e-11;0.1;8.502095982505818e-12;1.464687152418513e-08;;;;VERT;True
1784900454.0105393;42.953505801000006;Simulation RF;Détection RF large bande;868 MHz;868 MHz;;2427;1.956151564693779;-34.246062587751155;-67.24606258775115;1.8853576228464321e-10;0.1;1.8853576228464323e-11;4.8334531021749505e-09;;;;ORANGE;True
1784900454.0106814;42.953505801000006;Simulation RF;Détection RF large bande;2,45 GHz;2,45 GHz;;2989;2.408377348528971;-52.33509394115883;-69.03509394115883;1.2487934319582263e-10;0.1;1.2487934319582264e-11;1.4659359458504712e-08;;;;ORANGE;True
1784900454.1126065;43.05359204600006;Simulation RF;Détection RF large bande;868 MHz;868 MHz;;2419;1.949376742531609;-33.97506970126436;-66.97506970126436;2.006748882826372e-10;0.1;2.006748882826372e-11;4.853520591003214e-09;;;;ORANGE;True
1784900454.11281;43.05359204600006;Simulation RF;Détection RF large bande;2,45 GHz;2,45 GHz;;2987;2.4071919934900077;-52.28767973960031;-68.98767973960031;1.2625018583077425e-10;0.1;1.2625018583077425e-11;1.467198447708779e-08;;;;ORANGE;True
1784900454.2107446;43.153674383000066;Simulation RF;Détection RF large bande;868 MHz;868 MHz;;2358;1.899992041821477;-31.999681672859083;-64.99968167285908;3.16250945581425e-10;0.1;3.16250945581425e-11;4.885145685561357e-09;;;;ORANGE;True
1784900454.2108934;43.153674383000066;Simulation RF;Détection RF large bande;2,45 GHz;2,45 GHz;;2940;2.3695406412779683;-50.78162565111873;-67.48162565111873;1.7858189819588996e-10;0.1;1.7858189819588996e-11;1.4689842666907378e-08;;;;ORANGE;True
1784900454.310755;43.253743128999986;Simulation RF;Détection RF large bande;868 MHz;868 MHz;;2408;1.9404167062675974;-33.616668250703896;-66.6166682507039;2.1793810730776984e-10;0.1;2.1793810730776986e-11;4.906939496292134e-09;;;;ORANGE;True
1784900454.31089;43.253743128999986;Simulation RF;Détection RF large bande;2,45 GHz;2,45 GHz;;3022;2.4352044189945006;-53.40817675978002;-70.10817675978002;9.753990404589134e-11;0.1;9.753990404589135e-12;1.4699596657311968e-08;;;;VERT;True
1784900454.4550807;43.353910649;Simulation RF;Détection RF large bande;868 MHz;868 MHz;;2354;1.8966208329236218;-31.864833316944868;-64.86483331694487;3.2622457071559304e-10;0.1;3.262245707155931e-11;4.939561953363694e-09;;;;ORANGE;True
1784900454.4558415;43.353910649;Simulation RF;Détection RF large bande;2,45 GHz;2,45 GHz;;3031;2.4425174995024066;-53.70069998009626;-70.40069998009626;9.118638566016178e-11;0.1;9.118638566016179e-12;1.4708715295877983e-08;;;;VERT;True
1784900454.5110302;43.45399057899999;Simulation RF;Détection RF large bande;868 MHz;868 MHz;;2451;1.9754784628471835;-35.01913851388734;-68.01913851388734;1.5779242428231608e-10;0.1;1.5779242428231608e-11;4.955341195791925e-09;;;;ORANGE;True
1784900454.5111847;43.45399057899999;Simulation RF;Détection RF large bande;2,45 GHz;2,45 GHz;;3037;2.4476719103491864;-53.90687641396745;-70.60687641396746;8.695856384711263e-11;0.1;8.695856384711263e-12;1.4717411152262695e-08;;;;VERT;True
1784900454.6110945;43.55406980600003;Simulation RF;Détection RF large bande;868 MHz;868 MHz;;2412;1.9440169529025746;-33.76067811610298;-66.76067811610298;2.1082989302135467e-10;0.1;2.1082989302135467e-11;4.976424185094061e-09;;;;ORANGE;True
1784900454.61124;43.55406980600003;Simulation RF;Détection RF large bande;2,45 GHz;2,45 GHz;;2948;2.3758770277049943;-51.035081108199776;-67.73508110819978;1.6845809654934958e-10;0.1;1.6845809654934958e-11;1.473425696191763e-08;;;;ORANGE;True
1784900454.711769;43.654201457;Simulation RF;Détection RF large bande;868 MHz;868 MHz;;2350;1.8939110055342103;-31.756440221368408;-64.75644022136841;3.3446908174415434e-10;0.1;3.3446908174415436e-11;5.009871093268476e-09;;;;ORANGE;True
1784900454.7120516;43.654201457;Simulation RF;Détection RF large bande;2,45 GHz;2,45 GHz;;2994;2.413074659167544;-52.52298636670176;-69.22298636670176;1.1959178918932152e-10;0.1;1.1959178918932152e-11;1.4746216140836561e-08;;;;ORANGE;True
1784900454.8113678;43.75428922100002;Simulation RF;Détection RF large bande;868 MHz;868 MHz;;2366;1.9069292022018676;-32.2771680880747;-65.2771680880747;2.966765302976422e-10;0.1;2.966765302976422e-11;5.03953874629824e-09;;;;ORANGE;True
1784900454.8115342;43.75428922100002;Simulation RF;Détection RF large bande;2,45 GHz;2,45 GHz;;3051;2.4590779596441337;-54.36311838576535;-71.06311838576535;7.82867314883783e-11;0.1;7.828673148837831e-12;1.47540448139854e-08;;;;VERT;True
1784900454.91141;43.85436935500002;Simulation RF;Détection RF large bande;868 MHz;868 MHz;;2401;1.93506542962588;-33.4026171850352;-66.4026171850352;2.2894875250935626e-10;0.1;2.2894875250935628e-11;5.062433621549176e-09;;;;ORANGE;True
1784900454.9115574;43.85436935500002;Simulation RF;Détection RF large bande;2,45 GHz;2,45 GHz;;3020;2.433711686002825;-53.348467440112984;-70.04846744011299;9.889020017296638e-11;0.1;9.889020017296638e-12;1.4763933834002696e-08;;;;VERT;True
1784900455.0117643;43.954493745000036;Simulation RF;Détection RF large bande;868 MHz;868 MHz;;2477;1.9962306409095651;-35.8492256363826;-68.8492256363826;1.303399158773363e-10;0.1;1.303399158773363e-11;5.0754676131369095e-09;;;;ORANGE;True
1784900455.0119777;43.954493745000036;Simulation RF;Détection RF large bande;2,45 GHz;2,45 GHz;;3014;2.42849653590394;-53.13986143615759;-69.83986143615759;1.0375615192129093e-10;0.1;1.0375615192129095e-11;1.4774309449194825e-08;;;;ORANGE;True
1784900455.1118014;44.05460630499999;Simulation RF;Détection RF large bande;868 MHz;868 MHz;;2378;1.9160093232873583;-32.640372931494326;-65.64037293149433;2.7287434537732576e-10;0.1;2.7287434537732576e-11;5.102755047674642e-09;;;;ORANGE;True
1784900455.1120114;44.05460630499999;Simulation RF;Détection RF large bande;2,45 GHz;2,45 GHz;;3007;2.422855477805562;-52.91421911222247;-69.61421911222247;1.0928941185038341e-10;0.1;1.0928941185038342e-11;1.4785238390379863e-08;;;;ORANGE;True
1784900455.2117665;44.15469782900004;Simulation RF;Détection RF large bande;868 MHz;868 MHz;;2323;1.8723107555365748;-30.892430221462988;-63.89243022146299;4.080909632252145e-10;0.1;4.080909632252145e-11;5.143564143997164e-09;;;;ORANGE;True
1784900455.2119217;44.15469782900004;Simulation RF;Détection RF large bande;2,45 GHz;2,45 GHz;;2974;2.3965489042354924;-51.861956169419685;-68.56195616941969;1.3925294320759114e-10;0.1;1.3925294320759115e-11;1.4799163684700621e-08;;;;ORANGE;True
1784900455.3117867;44.254775129999985;Simulation RF;Détection RF large bande;868 MHz;868 MHz;;2334;1.8807947786996895;-31.23179114798758;-64.23179114798758;3.7741650204203885e-10;0.1;3.7741650204203887e-11;5.181305794201368e-09;;;;ORANGE;True
1784900455.3119252;44.254775129999985;Simulation RF;Détection RF large bande;2,45 GHz;2,45 GHz;;3039;2.4493061888700955;-53.972247554803815;-70.67224755480382;8.565944269370439e-11;0.1;8.56594426937044e-12;1.4807729628969992e-08;;;;VERT;True
1784900455.411945;44.35486580200006;Simulation RF;Détection RF large bande;868 MHz;868 MHz;;2381;1.91900423286787;-32.7601693147148;-65.7601693147148;2.6545020711321013e-10;0.1;2.6545020711321013e-11;5.207850814912689e-09;;;;ORANGE;True
1784900455.4120998;44.35486580200006;Simulation RF;Détection RF large bande;2,45 GHz;2,45 GHz;;2982;2.403218359519082;-52.12873438076326;-68.82873438076327;1.3095634998669385e-10;0.1;1.3095634998669386e-11;1.482082526396866e-08;;;;ORANGE;True
1784900455.5120552;44.45495980600003;Simulation RF;Détection RF large bande;868 MHz;868 MHz;;2381;1.9189485289291988;-32.75794115716795;-65.75794115716795;2.6558643187753205e-10;0.1;2.6558643187753205e-11;5.234409458100442e-09;;;;ORANGE;True
1784900455.512213;44.45495980600003;Simulation RF;Détection RF large bande;2,45 GHz;2,45 GHz;;3027;2.43928474320391;-53.571389728156404;-70.27138972815641;9.394226502824656e-11;0.1;9.394226502824657e-12;1.4830219490471485e-08;;;;VERT;True
1784900455.6121788;44.55506634799997;Simulation RF;Détection RF large bande;868 MHz;868 MHz;;2456;1.979533605951005;-35.1813442380402;-68.1813442380402;1.5200769592737666e-10;0.1;1.5200769592737666e-11;5.24961022769318e-09;;;;ORANGE;True
1784900455.6124582;44.55506634799997;Simulation RF;Détection RF large bande;2,45 GHz;2,45 GHz;;2995;2.4132035003590717;-52.52814001436286;-69.22814001436286;1.1944995722459707e-10;0.1;1.1944995722459708e-11;1.4842164486193945e-08;;;;ORANGE;True
1784900455.7123368;44.655171186000075;Simulation RF;Détection RF large bande;868 MHz;868 MHz;;2482;1.9999353143653833;-35.997412574615325;-68.99741257461532;1.2596756737087558e-10;0.1;1.259675673708756e-11;5.262206984430268e-09;;;;ORANGE;True
1784900455.7126276;44.655171186000075;Simulation RF;Détection RF large bande;2,45 GHz;2,45 GHz;;2954;2.380398578013234;-51.21594312052936;-67.91594312052936;1.6158672837953374e-10;0.1;1.6158672837953375e-11;1.4858323159031898e-08;;;;ORANGE;True
1784900455.8126903;44.75531631800004;Simulation RF;Détection RF large bande;868 MHz;868 MHz;;2307;1.859250920697491;-30.370036827899632;-63.37003682789963;4.6025267065103115e-10;0.1;4.602526706510312e-11;5.308232251495371e-09;;;;ORANGE;True
1784900455.813036;44.75531631800004;Simulation RF;Détection RF large bande;2,45 GHz;2,45 GHz;;2944;2.3726235038814734;-50.90494015525893;-67.60494015525893;1.7358251819625664e-10;0.1;1.7358251819625666e-11;1.4875681410851524e-08;;;;ORANGE;True
1784900455.912764;44.85545498800002;Simulation RF;Détection RF large bande;868 MHz;868 MHz;;2379;1.9170849008931077;-32.6833960357243;-65.6833960357243;2.701844786749664e-10;0.1;2.7018447867496642e-11;5.335250699362868e-09;;;;ORANGE;True
1784900455.91312;44.85545498800002;Simulation RF;Détection RF large bande;2,45 GHz;2,45 GHz;;3011;2.426510760173866;-53.06043040695464;-69.76043040695464;1.0567127786481215e-10;0.1;1.0567127786481216e-11;1.4886248538638005e-08;;;;ORANGE;True
1784900456.0126357;44.95555673299998;Simulation RF;Détection RF large bande;868 MHz;868 MHz;;2409;1.9410725601359986;-33.64290240543994;-66.64290240543994;2.166255904443754e-10;0.1;2.166255904443754e-11;5.356913258407306e-09;;;;ORANGE;True
1784900456.0128622;44.95555673299998;Simulation RF;Détection RF large bande;2,45 GHz;2,45 GHz;;2983;2.4037310277701813;-52.14924111080724;-68.84924111080724;1.303394514616693e-10;0.1;1.3033945146166933e-11;1.4899282483784172e-08;;;;ORANGE;True
1784900456.1128004;45.05566262700006;Simulation RF;Détection RF large bande;868 MHz;868 MHz;;2398;1.9322593503638181;-33.290374014552725;-66.29037401455273;2.3494304791043383e-10;0.1;2.3494304791043383e-11;5.380407563198349e-09;;;;ORANGE;True
1784900456.1130855;45.05566262700006;Simulation RF;Détection RF large bande;2,45 GHz;2,45 GHz;;2979;2.400279456085444;-52.011178243417746;-68.71117824341775;1.3454952708966385e-10;0.1;1.3454952708966386e-11;1.491273743649314e-08;;;;ORANGE;True

